"4,843137255","4,475490196",102,google translate
Adequacy,Fluency,Notes,
,,,"Albert Jennings Fountain was born in New York City and died in Dona Ana County, New Mexico. He had fought in the American Civil War, during which, Jefferson Davis was a commander."
5,5,,"Albert Jennings Fountain se narodil v New Yorku a zemřel v Dona Ana County v Novém Mexiku. Bojoval v americké občanské válce, během níž byl velitelem Jefferson Davis."
,,,"New York City was the birthplace of Albert Jennings Fountain and he passed away in Dona Ana County, New Mexico. He fought in the American Civil War and one commander in that war was Jefferson Davis."
5,5,,New York City bylo rodištěm fontány Alberta Jenningse a zemřel v okrese Dona Ana v Novém Mexiku. Bojoval v americké občanské válce a jedním velitelem v této válce byl Jefferson Davis.
,,,"Albert Jennings Fountain was born in New York City and died in Dona Ana County, New Mexico. He fought in the American Civil War where one of the commanders was Jefferson Davis."
5,5,,"Albert Jennings Fountain se narodil v New Yorku a zemřel v Dona Ana County v Novém Mexiku. Bojoval v americké občanské válce, kde jedním z velitelů byl Jefferson Davis."
,,,An ingredient of a bacon explosion is sausage.
4,3,,Složkou výbuchu slaniny je klobása.
,,,Sausage in an ingredient in bacon explosion.
3,4,,Klobása jako přísada do výbuchu slaniny.
,,,Sausage is an ingredient of a Bacon Explosion.
3,4,,Klobása je součástí exploze slaniny.
,,,Alex Day became active in music in 2006.
5,3,,Alex Day se stal aktivním v hudbě v roce 2006.
,,,Alex Day started performing in 2006.
5,5,,Alex Day začal hrát v roce 2006.
,,,Alex Day's active years in music began in 2006.
5,3,,Aktivní léta Alex Day v hudbě začala v roce 2006.
,,,"The Derbyshire Dales dish of Bakewell pudding is a dessert of ground almond, jam, butter and eggs that is delicious either hot or cold."
5,5,,"Bakewell pudink z Derbyshire Dales je dezert z mletých mandlí, džemu, másla a vajec, který je lahodný teplý i studený."
,,,"Bakewell pudding is a dessert from the Derbyshire Dales region that can be served warm (freshly baked) or cold. It contains ground almond, jam, butter and eggs as its main ingredients."
5,4,,"Bakewell pudink je dezert z oblasti Derbyshire Dales, který lze podávat teplý (čerstvě upečený) nebo studený. Jako hlavní ingredience obsahuje mleté mandle, džem, máslo a vejce."
,,,"Bakewell pudding originates from the Derbyshire Dales and is a dessert you can eat warm (freshly baked) or cold. The ingredients include ground almond, jam, butter and eggs."
5,5,,"Bakewell pudink pochází z Derbyshire Dales a je to dezert, který můžete jíst teplý (čerstvě upečený) nebo studený. Ingredience zahrnují mleté mandle, džem, máslo a vejce."
,,,Italy is the country Amatriciana sauce comes from and is where the Italian language is spoken.
5,5,,"Itálie je země, ze které pochází omáčka Amatriciana a kde se mluví italsky."
,,,Italy where Italian is spoken is also where amatriciana sauce originated.
5,4,,"Itálie, kde se mluví italsky, je také místem, kde pochází omáčka amatriciana."
,,,Italian is the language spoken in Italy where Amatriciana sauce is a traditional sauce.
5,5,,"Italština je jazyk, kterým se mluví v Itálii, kde je omáčka Amatriciana tradiční omáčkou."
,,,"The tenant of the AC Hotel Bella Sky Copenhagen is the Marriott International Hotel whose headquarters are in Bethesda, Maryland."
5,4,,"Nájemcem AC Hotel Bella Sky Copenhagen je Marriott International Hotel, jehož sídlo je v Bethesdě, Maryland."
,,,"The tenant of the AC Hotel Bella Sky Copenhagen is Marriott International, the company that is located in Bethesda, Maryland."
5,4,,"Nájemcem AC Hotel Bella Sky Copenhagen je Marriott International, společnost se sídlem v Bethesdě, Maryland."
,,,The tenant of the AC Hotel Bella Sky Copenhagen is the Marriott International Hotel which has its office at Bethesda Maryland.
5,4,,"Nájemcem AC Hotel Bella Sky Copenhagen je Marriott International Hotel, který má svou kancelář v Bethesda Maryland."
,,,William Anders served as Chief of the Astronaut Office in 1976 and had a title as the United States Ambassador to Norway.
5,5,,William Anders sloužil jako vedoucí úřadu astronautů v roce 1976 a měl titul velvyslance Spojených států v Norsku.
,,,William Anders time as Chief of the Astronaut Office in 1976 has prepared him well for his new position as United States Ambassador to Norway.
5,4,,Čas Williama Anderse jako vedoucího úřadu astronautů v roce 1976 ho dobře připravil na jeho novou pozici velvyslance Spojených států v Norsku.
,,,"The United States Ambassador to Norway, William Anders, served as Chief of the Astronaut Office in 1976."
5,5,,"Velvyslanec Spojených států v Norsku, William Anders, sloužil jako vedoucí kanceláře astronautů v roce 1976."
,,,French Guiana is the location of the Guiana Space Centre.
5,3,,Francouzská Guyana je umístěním Guyanského vesmírného centra.
,,,The Guiana Space Centre is located in French Guiana.
5,5,,Guyanské vesmírné středisko se nachází ve Francouzské Guyaně.
,,,"The dish Arem arem originates from Indonesia, more specifically Java. Indonesia's leader's name is Joko Widodo. and the currency is the rupiah. The language is Indonesian."
5,5,,"Pokrm Arem arem pochází z Indonésie, konkrétněji z Jávy. Indonéský vůdce se jmenuje Joko Widodo. a měnou je rupie. Jazykem je indonéština."
,,,"The dish arem arem is found nationwide in Indonesia, but is more specific to Java. In Indonesia, the currency is called the Indonesian rupiah, the language spoken is Indonesian and a leader is Joko Widodo."
5,3,,"Pokrm arem arem se vyskytuje celostátně v Indonésii, ale je specifičtější pro Jávu. V Indonésii se měna nazývá indonéská rupie, mluví se zde indonéštinou a vůdcem je Joko Widodo."
,,,"Arem-arem, is predominant in Indonesia's Java. Indonesia is led by Joko Widodo, hails the currency rupiah and the Indonesian language is spoken."
4,3,,"Arem-arem, je převládající v indonéské Jávě. Indonésii vede Joko Widodo, hlásá měna rupie a mluví se zde indonéským jazykem."
,,,AmeriGas works in the country of the United States.
5,5,,AmeriGas působí v zemi Spojených států amerických.
,,,AmeriGas's home country is the United States.
5,5,,Domovskou zemí AmeriGas jsou Spojené státy americké.
,,,AmeriGas is working in the United States.
4,4,,AmeriGas pracuje ve Spojených státech.
,,,AmeriGas is located in the country of the United States.
5,5,,AmeriGas se nachází v zemi Spojené státy americké.
,,,"Appletone International Airport, which serves the city of Appleton, is found in Greenville, Wisconsin in the U.S.A. Greenville is part of the town of Menasha and Ellington."
5,5,,"Mezinárodní letiště Appletone, které obsluhuje město Appleton, se nachází v Greenville, Wisconsin v USA. Greenville je součástí města Menasha a Ellington."
,,,"The Appleton International Airport is located in Greenville, Wisconsin, United States and serves the city of Appleton, Wisconsin. Greenville is part of the town of Menasha and Ellington, Wisconsin."
5,3,,"Mezinárodní letiště Appleton se nachází v Greenville, Wisconsin, Spojené státy americké a obsluhuje město Appleton, Wisconsin. Greenville je součástí města Menasha a Ellington, Wisconsin."
,,,"The bacon sandwich comes from the United Kingdom. Its main ingredients are bread and bacon and a condiment, often ketchup or brown sauce. It is known by several different names including: Bacon butty, bacon sarnie, rasher sandwich, bacon sanger, piece 'n bacon, bacon cob, bacon barm and bacon muffin. The BLT is a variant of the bacon sandwich."
5,4,,"Sendvič se slaninou pochází ze Spojeného království. Jeho hlavní ingredience jsou chléb a slanina a koření, často kečup nebo hnědá omáčka. Je známý pod několika různými názvy, včetně: Bacon butty, bacon sarnie, rasher sandwich, bacon sanger, piece 'n bacon, bacon cob, bacon barm a slaninový muffin. BLT je varianta sendviče se slaninou."
,,,"Bacon sandwiches (made with bread) are popular in the UK where it is also known as a bacon butty, bacon sarnie, rasher sandwich, bacon sanger, piece 'n bacon, bacon cob, bacon barm, or bacon muffin. Variations on the sandwich include the BLT and it can be served with ketchup or brown sauce as a condiment."
5,4,,"Slaninové sendviče (vyrobené s chlebem) jsou oblíbené ve Spojeném království, kde jsou také známé jako bacon butty, bacon sarnie, rasher sandwich, bacon sanger, piece 'n bacon, bacon cob, bacon barm nebo bacon muffin. Variace na sendvič zahrnují BLT a lze jej podávat s kečupem nebo hnědou omáčkou jako koření."
,,,Aaron Boogaard was born on 11/08/1986 in Saskatchewan and played for the Wichita Thunder club.
5,5,,Aaron Boogaard se narodil 11.8.1986 v Saskatchewanu a hrál za klub Wichita Thunder.
,,,"Aaron Boogaard, who plays for Wichita Thunder, was born in Saskatchewan on August 11th 1986."
5,5,,"Aaron Boogaard, který hraje za Wichita Thunder, se narodil v Saskatchewanu 11. srpna 1986."
,,,Aaron Boogaard was born in Saskatchewan on August 11th 1986. His club is Wichita Thunder.
5,5,,Aaron Boogaard se narodil v Saskatchewanu 11. srpna 1986. Jeho klubem je Wichita Thunder.
,,,"Anderson, Indiana is led by the Democratic Party of the US."
5,4,,"Anderson, Indiana je vedena Demokratickou stranou USA."
,,,"Chinabank, with net income of 15,100,000,000, employs 5594 workers to provide banking services at 295 banking centers."
5,5,,"Chinabank s čistým příjmem 15 100 000 000 zaměstnává 5 594 pracovníků, kteří poskytují bankovní služby ve 295 bankovních centrech."
,,,Chinabank now has 295 banks with 5594 employees earning them a net income of 15100000000.
5,5,,"Chinabank má nyní 295 bank s 5594 zaměstnanci, kteří jim vydělávají čistý příjem 15100000000."
,,,"Chinabank offers banking service at its 295 locations boasting 5594 employees and total net income of 15,100,000,000."
4,"4,5",,Chinabank nabízí bankovní služby na svých 295 místech s 5594 zaměstnanci a celkovým čistým příjmem 15 100 000 000.
,,,"One of the ethnic groups in the United States are the African Americans. The US is where you will find Angola, part of Steuben County in Indiana."
5,5,,"Jednou z etnických skupin ve Spojených státech jsou Afroameričané. V USA najdete Angolu, část okresu Steuben v Indianě."
,,,"Angola is in Steuben County, Indiana, United States and the African americans are an ethnic group of the country."
5,3,,"Angola je v Steuben County, Indiana, Spojené státy americké a afroameričané jsou etnickou skupinou země."
,,,"Angola, Indiana is part of Steuben County in the U.S. and one of the country's ethnic groups are African Americans."
5,5,,"Angola, Indiana je součástí okresu Steuben v USA a jednou z etnických skupin země jsou Afroameričané."
,,,Country music originated from blues music.
5,5,,Country hudba vznikla z bluesové hudby.
,,,The stylistic origin of country music is blues.
5,5,,Stylovým původem country hudby je blues.
,,,The singer Andra is associated with the band CRBL.
5,5,,Zpěvačka Andra je spojena s kapelou CRBL.
,,,"Monroe Township, Madison County, Indiana is in the U.S."
5,5,,"Monroe Township, Madison County, Indiana je v USA"
,,,"Monroe Township, Madison County, Indiana is situated within the United States."
5,5,,"Monroe Township, Madison County, Indiana se nachází ve Spojených státech."
,,,The singer Andra's genre is rhythm and blues which has funk as a derivative.
5,5,,"Žánrem zpěvačky Andry je rhythm and blues, jehož derivátem je funk."
,,,"Andra sings rhythm and blues, of which funk is a derivative."
5,5,,"Andra zpívá rhythm and blues, z něhož je odvozený funk."
,,,"Andra is a rhythm and blues artist, which is derived from Funk."
3,3,,"Andra je rhythm and bluesový umělec, což je odvozeno od Funka."
,,,Alex Tyus plays for Pallacanestro Cantu in the Turkish Basketball Super League.
5,5,,Alex Tyus hraje za Pallacanestro Cantu v turecké basketbalové superlize.
,,,Alex Tyus plays with the club Pallacanestro Cantù in the Turkish Basketball Super League.
5,5,,Alex Tyus hraje s klubem Pallacanestro Cantù v turecké basketbalové superlize.
,,,"Written in English, Above the Veil followed the book Aenir which has the ISBN number 0-439-17684-0."
5,4,,"Above the Veil, napsané v angličtině, následovalo knihu Aenir, která má číslo ISBN 0-439-17684-0."
,,,"Aenir has the ISBN number 0-439-17684-0. It was followed up by Above the Veil, which is written in English."
5,5,,Aenir má číslo ISBN 0-439-17684-0. Na ni navázal anglicky psaný Above the Veil.
,,,"Aenir has a ISBN number of 0-439-17684-0 and is a prequel to the English book ""Above the Veil""."
5,5,,Aenir má číslo ISBN 0-439-17684-0 a je prequelem k anglické knize „Above the Veil“.
,,,"The Colombian dish, Bandeja paisa, is from the Antioquia Department region, and includes avocado which is part of the Lauraceae family."
5,4,,"Kolumbijské jídlo Bandeja paisa pochází z oblasti departementu Antioquia a zahrnuje avokádo, které je součástí čeledi Lauraceae."
,,,"Avocado, part of the Lauraceae family, is one of the ingredients of Bandeja paisa, a typical Colombian dish from the Antioquia Department region."
5,4,,"Avokádo, součást čeledi Lauraceae, je jednou ze složek Bandeja paisa, typického kolumbijského pokrmu z oblasti departementu Antioquia."
,,,"Bandeja paisa is a dish from the Antioquia Department region of Colombia. Avocado, which is part of the Lauraceae family, is one of the ingredients."
5,5,,"Bandeja paisa je pokrm z oblasti departementu Antioquia v Kolumbii. Jednou ze složek je avokádo, které patří do čeledi Lauraceae."
,,,Alfredo Zitarrosa is signed with the record label Odeon Records.
3,3,,Alfredo Zitarrosa je podepsán s nahrávací společností Odeon Records.
,,,Alfredo Zitarrosa was signed to Odeon Records.
5,5,,Alfredo Zitarrosa podepsal smlouvu s Odeon Records.
,,,Alfredo Zitarrosa's recording label is Odeon Records.
5,5,,Nahrávací společností Alfreda Zitarrosy je Odeon Records.
,,,"The College of William and Mary own Alan B Miller Hall which was completed on 1 June 2009 at 101 Ukrop Way, Virginia."
5,5,,"College of William and Mary vlastní Alan B Miller Hall, která byla dokončena 1. června 2009 na 101 Ukrop Way ve Virginii."
,,,"Alan B. Miller Hall, completed on 1st June 2009, is owned by The College of William and Mary and is situated in 101 Ukrop Way, Virginia."
5,4,,"Alan B. Miller Hall, dokončený 1. června 2009, je ve vlastnictví The College of William and Mary a nachází se na 101 Ukrop Way ve Virginii."
,,,"The College of William and Mary own Alan B. Miller Hall. Alan B. Miller Hall is situated at 101 Ukrop Way, Virginia and it was completed on the 1st June, 2009."
5,3,,Vysoká škola Williama a Marie vlastní chodbu Alana B. Millera. Alan B. Miller Hall se nachází na 101 Ukrop Way ve Virginii a byl dokončen 1. června 2009.
,,,"The United States Air Force, who operated Al Asad airbase, deploy the aircraft fighter known as General Dynamics F-16 Fighting Falcon."
5,5,,"Letectvo Spojených států, které provozovalo leteckou základnu Al Asad, nasadilo stíhací letoun známý jako General Dynamics F-16 Fighting Falcon."
,,,Al Asad Airbase is operated by the United States Air Force which also uses the General Dynamics F-16 Fighting Falcon aircraft.
5,5,,"Leteckou základnu Al Asad provozuje letectvo Spojených států, které také používá letoun General Dynamics F-16 Fighting Falcon."
,,,The General Dynamics F-16 Fighting Falcon is an aircraft fighter in the United States Air Force who are the operating organisation for Al Asad airbase.
5,4,,"General Dynamics F-16 Fighting Falcon je stíhací letoun v letectvu Spojených států, které je provozní organizací pro leteckou základnu Al Asad."
,,,"Halton Arp was a doctoral student of Walter Baade, the discoverer of 1036 Ganymed. Baade was a German national who was born in Preussisch Oldendorf and graduated from University of Gottingen."
5,5,,"Halton Arp byl doktorandem Waltera Baadeho, objevitele 1036 Ganymed. Baade byl německý státní příslušník, který se narodil v Preussisch Oldendorf a vystudoval univerzitu v Göttingenu."
,,,"Halton Arp was a doctoral student of Walter Baade, the discoverer of 1036 Ganymed. Baade was a German national born in Preussisch Oldendorf who studied at the University of Gottingen."
5,5,,"Halton Arp byl doktorandem Waltera Baadeho, objevitele 1036 Ganymed. Baade byl německý státní příslušník narozený v Preussisch Oldendorf, který studoval na univerzitě v Göttingenu."
,,,"Halton Arp was a doctoral student of Walter Baade, who discovered 1036 Ganymed. Walter Baade, a German national, was born in Preußisch Oldendorf and his alma mater was the University of Gottingen."
5,5,,"Halton Arp byl doktorandem Waltera Baadeho, který objevil 1036 Ganymed. Walter Baade, německý státní příslušník, se narodil v Preußisch Oldendorf a jeho alma mater byla univerzita v Göttingenu."
,,,The full name of AFC Ajax (amateurs) is Amsterdamsche Football Club Ajax Amateurs and their nickname is Lucky Ajax. They played in the Topklasse in the 2014-2015 season and have 5000 Members.
5,5,,Celý název AFC Ajax (amatéři) je Amsterdamsche Football Club Ajax Amateurs a jejich přezdívka je Lucky Ajax. Hráli v Topklasse v sezóně 2014-2015 a mají 5000 členů.
,,,"The nickname of AFC Ajax (amateurs), or ""Amsterdamsche Football Club Ajax Amateurs"", is Lucky Ajax. AFC Ajax (amateurs) played in the 2014-15 Topklasse season and have 5000 members."
3,3,,Přezdívka AFC Ajax (amatéři) nebo „Amsterdamsche Football Club Ajax Amateurs“ je Lucky Ajax. AFC Ajax (amatéři) hrál v sezóně 2014-15 Topklasse a má 5000 členů.
,,,"Aleksandr Chumakov passed away in Moscow where the leader is Sergey Sobyanin. Chumakov was a member of the Soviet Union national football team and also played for FC Torpedo Moscow under the manager, Valery Petrakov."
5,5,,"Aleksandr Chumakov zemřel v Moskvě, kde je vůdcem Sergej Sobyanin. Čumakov byl členem fotbalového národního týmu Sovětského svazu a také hrál za FC Torpedo Moskva pod manažerem Valerym Petrakovem."
,,,"Valery Petrakov is the manager of FC Torpedo Moscow, the club Aleksandr Chumakov once played for. Aleksandr Chumakov's played for the Soviet Union national football team. He died in Moscow, the leader of which, is Sergey Sobyanin."
5,5,,"Valerij Petrakov je manažerem FC Torpedo Moskva, klubu, za který Aleksandr Chumakov kdysi hrál. Aleksandr Chumakov hrál za národní fotbalový tým Sovětského svazu. Zemřel v Moskvě, jejímž vůdcem je Sergej Sobyanin."
,,,"Aleksandr Chumakov who plays for the Soviet Union National football team, died in Moscow where the leader is Sergey Sobyanin. He has also played for FC torpedo Moscow who are managed by Valery Petrakov."
5,5,,"Aleksandr Chumakov, který hraje za národní fotbalový tým Sovětského svazu, zemřel v Moskvě, kde je vůdcem Sergej Sobyanin. Hrál také za FC torpédo Moskva, které řídí Valerij Petrakov."
,,,"William Anders was born in British Hong Kong on October 17th, 1933 and in 1963 after a stint as a fighter pilot, NASA picked him to be part of the space program."
5,4,,William Anders se narodil v britském Hong Kongu 17. října 1933 a v roce 1963 ho NASA po působení jako stíhací pilot vybrala jako součást vesmírného programu.
,,,William Anders was born in British Hong Kong on 1933.10.17. He served as a fighter pilot prior to being selected by NASA in 1963.
5,5,,"William Anders se narodil v britském Hong Kongu 17.10.1933. Než byl v roce 1963 vybrán NASA, sloužil jako stíhací pilot."
,,,"Alexandria is part of Madison County, located in the state of Indiana, whose capital is Indianapolis."
5,5,,"Alexandrie je součástí Madison County, který se nachází ve státě Indiana, jehož hlavním městem je Indianapolis."
,,,Alexandria is part of Madison County in Indiana where the capital city is Indianapolis.
5,5,,"Alexandrie je součástí Madison County v Indianě, kde je hlavním městem Indianapolis."
,,,Alexandria is part of Madison County in Indiana where the state capital is Indianapolis.
5,5,,"Alexandrie je součástí Madison County v Indianě, kde je hlavním městem státu Indianapolis."
,,,Alfredo Zitarrosa was born in Uruguay where the leader is Raul Fernando Sendic Rodriguez.
5,5,,"Alfredo Zitarrosa se narodil v Uruguayi, kde je vůdcem Raul Fernando Sendic Rodriguez."
,,,"Alfredo Zitarrosa's birth place was Uruguay, where the leader is, Raul Fernando Sendic Rodriguez."
5,5,,"Alfredo Zitarrosa se narodil v Uruguayi, kde je lídrem Raul Fernando Sendic Rodriguez."
,,,"Alfredo Zitarrosa was born in Uruguay, a country led by Raul Fernando Sendic Rodriguez."
5,5,,"Alfredo Zitarrosa se narodil v Uruguayi, zemi vedené Raulem Fernandem Sendicem Rodriguezem."
,,,"Cake is served as a dessert, as is bionico, which contains the ingredient of sour cream."
5,5,,"Dort se podává jako dezert, stejně jako bionico, které obsahuje složku zakysané smetany."
,,,Cake is a variation of dessert such as Bionico which has sour cream as an ingredient.
5,4,,"Dort je variací dezertu, jako je Bionico, který má jako přísadu zakysanou smetanu."
,,,Bionico is a dessert (as is cake) that includes sour cream.
5,5,,"Bionico je dezert (stejně jako dort), který obsahuje zakysanou smetanu."
,,,"AmeriGas is a company that works in the United States, a country which is governed by federalism. AmeriGas has a work force of 8,500 employees, and produces a net income of 211200000."
5,5,,"AmeriGas je společnost působící ve Spojených státech amerických, v zemi, která se řídí federalismem. AmeriGas má 8 500 zaměstnanců a vytváří čistý příjem 2 112 000 000."
,,,"The American AmeriGas company generates a net income of $211,200,000. It employs 8500 people. The US has a federalism form of government."
5,5,,Americká společnost AmeriGas generuje čistý příjem 211 200 000 USD. Zaměstnává 8500 lidí. USA mají federalistickou formu vlády.
,,,"AmeriGas is a company that operates in the United States, a Federalism government type of country, that employs 8500 employees with a net income of 211200000."
5,5,,"AmeriGas je společnost, která působí ve Spojených státech, zemi typu federální vlády, která zaměstnává 8500 zaměstnanců s čistým příjmem 211200000."
,,,"Asam pedas is a food found in Malaysia, a country that has Malay people as an ethnic group."
5,3,,"Asam pedas je jídlo nalezené v Malajsii, zemi, kde jsou Malajci jako etnická skupina."
,,,Asam pedas is a food found in Malaysia where the Malay are an ethnic group.
5,3,,"Asam pedas je jídlo nalezené v Malajsii, kde jsou Malajci etnickou skupinou."
,,,Malaysian Malay is an ethnic group in Malaysia and Asam pedas is a food that can be found there.
3,3,,"Malajská malajština je etnická skupina v Malajsii a asam pedas je jídlo, které tam lze nalézt."
,,,The fourth runway at Schiphol Airport in Amsterdam is made of asphalt.
5,5,,Čtvrtá dráha na letišti Schiphol v Amsterdamu je asfaltová.
,,,The 4th runway at Amsterdam Airport Schiphol has a surface of asphalt.
5,5,,4. dráha na amsterdamském letišti Schiphol má asfaltový povrch.
,,,"The United States, led by the President of the United States, is the origin of the ALV X-1. The United States capital is Washington, D.C., and the national anthem is the Star-Spangled Banner. Native Americans is one of the ethnic groups in the US."
5,5,,Původem ALV X-1 jsou Spojené státy v čele s prezidentem Spojených států. Hlavním městem Spojených států je Washington D.C. a státní hymnou je Star-Spangled Banner. Domorodí Američané jsou jednou z etnických skupin v USA.
,,,"ALV X-1 originated in the United States wher the leader is the President, the capital is Washington D.C. and the Star Spangled Banner is the national anthem. Native Americans are an ethnic group in the U.S."
5,5,,"ALV X-1 vznikl ve Spojených státech, kde je vůdcem prezident, hlavním městem je Washington D.C. a Star Spangled Banner je národní hymnou. Domorodí Američané jsou etnickou skupinou v USA."
,,,"The country of origin of the ALV X-1 is the United States, where the leader is the President and Native Americans are an ethnic group. The capital of the United States is Washington, D.C, and the national anthem is the Star Spangled Banner."
5,5,,"Země původu ALV X-1 jsou Spojené státy americké, kde je vůdcem prezident a indiáni jsou etnickou skupinou. Hlavním městem Spojených států je Washington, DC a státní hymnou je Star Spangled Banner."
,,,"In 1928 the School of Business and Social Sciences at the Aarhus University in Denmark was established. The current Dean is Thomas Pallesen and there are 16000 students and 737 academic staff. It is affiliated with the European University Association and has the latin name of ""Universitas Aarhusiensis""."
5,4,,V roce 1928 byla založena School of Business and Social Sciences na Aarhus University v Dánsku. Současným děkanem je Thomas Pallesen a má 16 000 studentů a 737 akademických pracovníků. Je přidružena k Evropské univerzitní asociaci a má latinský název „Universitas Aarhusiensis“.
,,,"The School of Business and Social Sciences at the Aarhus University is located in Denmark and it was established in 1928. It has 737 academic staff and 16,000 students. Its dean is Thomas Pallesen and its Latin name is ""Universitas Aarhusiensis"". The School is a member of the European University Association."
5,3,,School of Business and Social Sciences na Aarhus University se nachází v Dánsku a byla založena v roce 1928. Má 737 akademických pracovníků a 16 000 studentů. Jeho děkanem je Thomas Pallesen a jeho latinský název je „Universitas Aarhusiensis“. Škola je členem Evropské univerzitní asociace.
,,,"The School of Business and Social Sciences at the Aarhus University in Denmark was established in 1928 and is affiliated with the European University Association. Its dean is Thomas Pallesen, it has 16,000 students and 737 employees. Its Latin name is Universitas Aarhusiensis."
5,4,,"School of Business and Social Sciences na Aarhus University v Dánsku byla založena v roce 1928 a je přidružena k Evropské univerzitní asociaci. Jejím děkanem je Thomas Pallesen, má 16 000 studentů a 737 zaměstnanců. Jeho latinský název je Universitas Aarhusiensis."
,,,Khadija Arib is the leader of the House of Representatives in the Netherlands.
,,,Khadija Arib je předsedkyní Sněmovny reprezentantů v Nizozemsku.
,,,The leader of the House of Representatives in the Netherlands is Khadija Arib.
,,,Předsedkyní Sněmovny reprezentantů v Nizozemsku je Khadija Arib.
,,,Khadija Arib is a leader in the House of Representatives.
,,,Khadija Arib je lídrem ve Sněmovně reprezentantů.
,,,"Elliot See who was originally from Dallas, US graduated from the University of Texas at Austin. He then went on to become a test pilot and has since passed away."
,,,"Elliot See, původem z Dallasu, USA vystudoval University of Texas v Austinu. Poté se stal zkušebním pilotem a od té doby zemřel."
,,,"Akron, Ohio is located within the United States where English is spoken and Asian Americans are an ethnic group there."
,,,"Akron, Ohio se nachází ve Spojených státech, kde se mluví anglicky a asijští Američané jsou tam etnickou skupinou."
,,,"The country of Akron, Ohio is in the United States where English is the language and Asian Americans are an ethnic group."
,,,"Země Akron, Ohio, je ve Spojených státech, kde je jazykem angličtina a asijští Američané jsou etnickou skupinou."
,,,"Akron, Ohio, is located in the English speaking, United States, where Asian Americans are one of the ethnic groups."
,,,"Akron, Ohio, se nachází v anglicky mluvících Spojených státech, kde jsou asijští Američané jednou z etnických skupin."
,,,"A Wizard of Mars was written by Diane Duane, and has the ISBN number 978-0-15-204770-2."
,,,Čaroděj z Marsu napsala Diane Duane a má číslo ISBN 978-0-15-204770-2.
,,,A Wizard of Mars by Diane Duane has ISBN number 978-0-15-204770-2.
,,,Čaroděj z Marsu od Diane Duane má číslo ISBN 978-0-15-204770-2.
,,,"The author Diane Duane wrote the book A wizard of Mars, which can be found under the ISBN ""978-0-15-204770-2""."
,,,"Autorka Diane Duane napsala knihu Čaroděj z Marsu, kterou najdete pod ISBN „978-0-15-204770-2“."
,,,Asam pedas is a dish from Sumatra which is a food found in Malaysia.
,,,"Asam pedas je pokrm ze Sumatry, což je jídlo nalezené v Malajsii."
,,,Sumatran dish asam pedas is found in Malaysia.
,,,Sumatranský pokrm asam pedas se nachází v Malajsii.
,,,Asam pedas is a dish from Sumatra and is also found in Malaysia.
,,,Asam pedas je pokrm ze Sumatry a nachází se také v Malajsii.
,,,Alfred Moore Scales started his career on 1857-03-04.
,,,Alfred Moore Scales zahájil svou kariéru dne 1857-03-04.
,,,"Alison O'Donnell, formerly of the Flibbertigibbet band, is associated with Plastik Mak."
,,,"Alison O'Donnell, dříve z kapely Flibbertigibbet, je spojována s Plastik Mak."
,,,Alison O'Donnell is associated with Plastik Mak and was a member of the Flibbertigibbet band.
,,,Alison O'Donnell je spojena s Plastik Mak a byla členkou kapely Flibbertigibbet.
,,,Musician Alison O'Donnell is a member of Flibbertigibbet and associated with Plastik Mak.
,,,Hudebník Alison O'Donnell je členem Flibbertigibbet a je spojen s Plastik Mak.
,,,"Abner W. Sibal was born in Ridgewood, Queens and was a member of the U.S. Republican party. He was a member of the Connecticut Senate from the 26th District and his successor was, Marjorie Farmer. Abner W. Sibal died in Alexandria, Virginia."
,,,"Abner W. Sibal se narodil v Ridgewood, Queens a byl členem americké republikánské strany. Byl členem Connecticutského senátu z 26. okresu a jeho nástupkyní se stala Marjorie Farmer. Abner W. Sibal zemřel v Alexandrii ve Virginii."
,,,"Connecticut Senate's 26th District Republican member Abner W. Sibal was succeeded by Marjorie Farmer. Sibal was born in Ridgewood, Queens and died in Alexandria, Virginia."
,,,"Republikánského člena 26. okresu Connecticutského senátu Abnera W. Sibala nahradila Marjorie Farmer. Sibal se narodil v Ridgewood, Queens a zemřel v Alexandrii ve Virginii."
,,,"AIP Advances (abbreviated to ""AIP Adv."") covers the discipline of physics."
,,,AIP Advances (zkráceně „AIP Adv.“) pokrývá disciplínu fyziky.
,,,"AIP Advances (abbreviated to ""AIP Adv."") is devoted to the study of physics."
,,,AIP Advances (zkráceně „AIP Adv.“) se věnuje studiu fyziky.
,,,"AIP Advances, abbreviated to AIP Adv., covers the discipline of physics."
,,,"AIP Advances, zkráceně AIP Adv., pokrývá disciplínu fyziky."
,,,Paul Gustavson created The Arrow.
,,,Paul Gustavson vytvořil The Arrow.
,,,"The comic character, The Arrow, was created by Paul Gustavson."
,,,Komickou postavu The Arrow vytvořil Paul Gustavson.
,,,"The largest city in Hays County, Texas is San Marcos."
,,,Největší město v Hays County v Texasu je San Marcos.
,,,"San Marcos is the largest city in Hays County, Texas."
,,,"San Marcos je největší město v Hays County, Texas."
,,,Akeem Ayers who made his debut for the Tennessee Titans played previously for the Los Angeles Rams who play their home matches at the Los Angeles Memorial Coliseum.
,,,"Akeem Ayers, který debutoval za Tennessee Titans, dříve hrál za Los Angeles Rams, kteří hrají své domácí zápasy v Los Angeles Memorial Coliseum."
,,,"Akeem Ayers made his debut for the Tennessee Titans and his former team is the Los Angeles Rams, who play their home matches at the Los Angeles Memorial Coliseum."
,,,"Akeem Ayers debutoval za Tennessee Titans a jeho bývalý tým je Los Angeles Rams, kteří hrají své domácí zápasy v Los Angeles Memorial Coliseum."
,,,"Akeem Ayers made his debut for the Tennessee Titans and later played for the Los Angeles Rams, whose home ground is the Los Angeles Memorial Coliseum."
,,,"Akeem Ayers debutoval za Tennessee Titans a později hrál za Los Angeles Rams, jejichž domovským hřištěm je Los Angeles Memorial Coliseum."
,,,"John Aman, is the alternative name for the comic character, Amazing-Man."
,,,"John Aman, je alternativní jméno pro komickou postavu, Amazing-Man."
,,,The comic book character Amazing-Man's alter ego is John Aman.
,,,Alter ego komiksové postavy Amazing-Mana je John Aman.
,,,John Aman is also known as Amazing-Man in the comics genre.
,,,John Aman je v komiksovém žánru také známý jako Amazing-Man.
,,,Aaron Turner performs ambient music. He is associated with the group Greymachine and has played with the band Twilight.
,,,Aaron Turner hraje ambientní hudbu. Je spojen se skupinou Greymachine a hrál s kapelou Twilight.
,,,"Musician, Aaron Turner; plays Ambient music, played with the band Twilight and is associated with the group Greymachine."
,,,"Hudebník, Aaron Turner; hraje Ambientní hudbu, hrál s kapelou Twilight a je spojen se skupinou Greymachine."
,,,Aaron Turner performs ambient music and played with Twilight and Greymachine.
,,,Aaron Turner hraje ambientní hudbu a hraje s Twilight a Greymachine.
,,,Am. J. Math is the abbreviation for the American Journal of Mathematics which was first published in 1878.
,,,"Dopoledne. J. Math je zkratka pro American Journal of Mathematics, který byl poprvé publikován v roce 1878."
,,,"The American Journal of Mathematics, abbreviated to Am. J. Math., was first published in 1878."
,,,"The American Journal of Mathematics, zkráceně Am. J. Math., byl poprvé publikován v roce 1878."
,,,The American Journal of Mathematics was first published in 1878 and is also known by the abbreviated title of Am. J. Math.
,,,The American Journal of Mathematics byl poprvé publikován v roce 1878 a je také známý pod zkráceným názvem Am. J. Math.
,,,"Batagor is found in Indonesia, it is a variation on the dish Siomay/Shumai and includes peanut sauce."
,,,"Batagor se nachází v Indonésii, je to variace na jídlo Siomay/Shumai a obsahuje arašídovou omáčku."
,,,"Batagor is a dish found in Indonesia, it includes peanut sauce. Siomay and Shumai are variations of the same dish."
,,,"Batagor je pokrm nalezený v Indonésii, obsahuje arašídovou omáčku. Siomay a Shumai jsou variacemi stejného jídla."
,,,"The Indonesian dish Batagor and the dish Shumai are variations of the dish Siomay, which contains peanut sauce."
,,,"Indonéský pokrm Batagor a pokrm Shumai jsou variacemi pokrmu Siomay, který obsahuje arašídovou omáčku."
,,,"Ann Arbor, Michigan is part of Washtenaw County, United States."
,,,"Ann Arbor, Michigan je součástí Washtenaw County, Spojené státy americké."
,,,"Ann Arbor is located in Washtenaw County, Michigan in the United States of America."
,,,"Ann Arbor leží v oblasti Washtenaw County, Michigan ve Spojených státech amerických."
,,,"Ann Arbor is part of Washtenaw County, Michigan in the U.S."
,,,"Ann Arbor je součástí Washtenaw County, Michigan v USA."
,,,Akeem Adams's club is the Trinidad and Tobago national under 17 football team.
,,,Klub Akeema Adamse je národní fotbalový tým Trinidadu a Tobaga do 17 let.
,,,Akeem Adams played for the Trinidad and Tobago national under-17 football team.
,,,Akeem Adams hrál za národní fotbalový tým Trinidadu a Tobaga do 17 let.
,,,Akeem Adams once played for the Trinidad and Tobago national under-17 football team.
,,,Akeem Adams kdysi hrál za národní fotbalový tým Trinidadu a Tobaga do 17 let.
,,,"Albany, Georgia is in the United States where people speak English. The U.S. is home to Americans in general and African Americans."
,,,"Albany, Georgia je ve Spojených státech, kde lidé mluví anglicky. USA jsou domovem Američanů obecně a Afroameričanů."
,,,"Albany, Georgia, is in the United States, where African Americans are one of the ethnic groups. The people of this English speaking country, are known as Americans."
,,,"Albany ve státě Georgia je ve Spojených státech amerických, kde jsou Afroameričané jednou z etnických skupin. Obyvatelé této anglicky mluvící země jsou známí jako Američané."
,,,Americans is the name given to the inhabitants of the United States. This country is where Albany (in Georgia) is situated. It is also the country where African Americans are an ethnic group. They speak English in the U.S.
,,,"Američané je jméno pro obyvatele Spojených států. V této zemi se nachází Albany (v Gruzii). Je to také země, kde jsou Afroameričané etnickou skupinou. V USA mluví anglicky"
,,,"The Samuda Brothers built the Alhambra which is powered by a Humphrys, Tennant and Dykes engine who is located is Deptford."
,,,"Bratři Samuda postavili Alhambru, která je poháněna motorem Humphrys, Tennant a Dykes, který se nachází v Deptfordu."
,,,"The Samuda Brothers built the Alhambra which has a Humphrys, Tennant and Dykes power type from Deptford."
,,,"Bratři Samuda postavili Alhambru, která má typ pohonu Humphrys, Tennant a Dykes z Deptfordu."
,,,Andra became active in the year 2000 and was a singer of rhythm and blues music. That music genre and funk music both originated from blues.
,,,Andra se stal aktivním v roce 2000 a byl zpěvákem rhythm and blues. Tento hudební žánr i funk hudba pocházejí z blues.
,,,Andra began her singing career in 2000 and her musical genre is rhythm and blues from which funk is derived. Rhythm and blues oirginated from blues music.
,,,"Andra začala svou pěveckou kariéru v roce 2000 a jejím hudebním žánrem je rhythm and blues, z něhož je odvozen i funk. Rhythm and blues vzniklo z bluesové hudby."
,,,Andra is a rhythm and blues singer who became active in the year 2000. Rhythm and blues music originated from the blues and Funk is its derivative.
,,,"Andra je rhythm and bluesová zpěvačka, která začala působit v roce 2000. Rhythm and bluesová hudba vznikla z blues a Funk je jeho odvozeninou."
,,,The 1955 Dodge has a 3-speed automatic transmission.
,,,Dodge z roku 1955 má 3stupňovou automatickou převodovku.
,,,The 1955 Dodge uses a 3-speed automatic transmission.
,,,Dodge z roku 1955 používá 3stupňovou automatickou převodovku.
,,,The 1955 Dodge possesses a 3-speed automatic transmission.
,,,1955 Dodge má 3stupňovou automatickou převodovku.
,,,"Adam McQuaid, who plays for Boston based, Boston Bruins, draft team was the Columbus Blue Jackets."
,,,"Adam McQuaid, který hraje za Boston Bruins sídlící v Bostonu, draftovým týmem byl Columbus Blue Jackets."
,,,Adam McQuaid whose draft team is the Columbus Blue Jackets plays for the Boston Bruins from Boston.
,,,"Adam McQuaid, jehož draftovým týmem je Columbus Blue Jackets, hraje za Boston Bruins z Bostonu."
,,,Adam McQuaid's draft team was the Columbus Blue Jackets and he later played for Boston Bruins who are based in Boston.
,,,"Tým draftu Adama McQuaida byl Columbus Blue Jackets a později hrál za Boston Bruins, kteří sídlí v Bostonu."
,,,The orbital period of 109 Felicitas is 139705000.0.
,,,"Doba oběhu 109 Felicitas je 139705000,0."
,,,109 Felicitas has an orbital period of 139705000.0.
,,,"109 Felicitas má oběžnou dobu 139705000,0."
,,,Aleksandr Prudnikov playes for FC Spartak Moscow and FC Terek Grozny. The latter is based in Grozny and the manager is Rashid Rakhimov.
,,,Aleksandr Prudnikov hraje za FC Spartak Moskva a FC Terek Groznyj. Ten sídlí v Grozném a manažerem je Rashid Rakhimov.
,,,"Aleksandr Prudnikov, who plays for FC Spartak Moscow, played for FC Terek Grozny. Rashid Rakhimov is the manager of FC Terek Grozny, the ground of which, is located in Grozny."
,,,"Aleksandr Prudnikov, který hraje za FC Spartak Moskva, hrál za FC Terek Groznyj. Rashid Rakhimov je manažerem FC Terek Grozny, jehož hřiště se nachází v Grozném."
,,,"FC Terek Grozny, which has its ground in Grozny, is managed by Rashid Rakhimov. Aleksandr Prudnikov, who played for FC Spartak Moscow, plays for FC Terek Grozny."
,,,"FC Terek Groznyj, který má své hřiště v Grozném, řídí Rashid Rakhimov. Aleksandr Prudnikov, který hrál za FC Spartak Moskva, hraje za FC Terek Groznyj."
,,,The ALCO RS-3 has a four-stroke engine and was built by the American Locomotive Company.
,,,ALCO RS-3 má čtyřdobý motor a byl postaven společností American Locomotive Company.
,,,The American Locomotive Company built the ALCO RS-3 which has a 4-stroke engine.
,,,"Společnost American Locomotive Company postavila ALCO RS-3, který má 4-taktní motor."
,,,Dead Man's plack is made of rock and found in England (the capital of which is London) where Cornish is spoken.
,,,"Deska mrtvého muže je vyrobena ze skály a nachází se v Anglii (jejíž hlavním městem je Londýn), kde se mluví kornštinou."
,,,"The Dead Man's Plack is a monument made of rock situated in England. The capital of England is London, and Cornish is one of languages spoken in England."
,,,"The Dead Man's Plack je pomník vyrobený ze skály nacházející se v Anglii. Hlavním městem Anglie je Londýn a kornština je jedním z jazyků, kterým se v Anglii mluví."
,,,"The Alfa Romeo 164 is considered a mid-size luxury executive car and is also known as the ""Alfa Romeo 168"". The bodystyle of the Alfa Romeo 164 is Sedan and it has a straight four engine."
,,,Alfa Romeo 164 je považována za luxusní manažerský vůz střední velikosti a je také známá jako „Alfa Romeo 168“. Karoserie Alfy Romeo 164 je Sedan a má řadový čtyřmotorový motor.
,,,The Alfa Romeo 164 has a Sedan body style and a straight-four engine. It is considered a mid-size luxury executive car and its alternative name is the Alfa Romeo 168.
,,,Alfa Romeo 164 má karoserii sedan a řadový čtyřválec. Je považován za luxusní manažerský vůz střední velikosti a jeho alternativní název je Alfa Romeo 168.
,,,"Ahmet Ertegun, from the United States, plays rhythm and blues. A derivative of this genre is disco."
,,,Ahmet Ertegun ze Spojených států hraje rhythm and blues. Derivátem tohoto žánru je disco.
,,,American Ahmet Ertegun plays Rhythm and Blues which helped give rise to Disco.
,,,"Američan Ahmet Ertegun hraje Rhythm and Blues, což pomohlo dát vzniknout Disco."
,,,"The musical genre of american, Ahmet Ertegun, is rhythm and blues, a derivative of which is disco."
,,,"Hudební žánr Američana Ahmeta Erteguna je rhythm and blues, jehož derivátem je disco."
,,,"Orange County, is part of the greater Los Angeles area, in California where Anaheim and the United States House of Representatives can be found."
,,,"Orange County, je součástí větší oblasti Los Angeles, v Kalifornii, kde se nachází Anaheim a Sněmovna reprezentantů Spojených států."
,,,Anaheim in the United States lies within the Greater Los Angeles area of California. It is part of Orange County and led by the United States House of Representatives.
,,,Anaheim ve Spojených státech leží v oblasti Greater Los Angeles v Kalifornii. Je součástí Orange County a vede jej Sněmovna reprezentantů Spojených států.
,,,Anaheim is located in Orange County which is part of the Greater Los Angeles area of California. The city is led by the United States House of Representatives.
,,,"Anaheim se nachází v Orange County, který je součástí oblasti Greater Los Angeles v Kalifornii. Město vede Sněmovna reprezentantů Spojených států."
,,,Grantville Gazette II is preceded by The Grantville Gazette.
,,,Grantville Gazette II předchází The Grantville Gazette.
,,,The Grantville Gazette preceded The Grantville Gazette II.
,,,The Grantville Gazette předcházel The Grantville Gazette II.
,,,Grantville Gazette II was preceded by The Grantville Gazette.
,,,Grantville Gazette II předcházel The Grantville Gazette.
,,,11 Diagonal Street is in South Africa whose capital is Cape Town and Cyril Ramaphosa is one of its leaders. Ethnic groups in South Africa are Coloured people and Asian South Africans.
,,,"11 Diagonal Street je v Jižní Africe, jejímž hlavním městem je Kapské Město a Cyril Ramaphosa je jedním z jejích vůdců. Etnické skupiny v Jižní Africe jsou Barevní lidé a Asijští Jihoafričané."
,,,"11 Diagonal Street is located in South Africa, where ethnic groups include the Asian South Africans and the Coloured. Cyril Ramaphosa is the leader of South Africa, and its capital is Cape Town."
,,,"11 Diagonal Street se nachází v Jižní Africe, kde etnické skupiny zahrnují asijské Jihoafričany a Barevné. Cyril Ramaphosa je vůdcem Jihoafrické republiky a jejím hlavním městem je Kapské Město."
,,,"Two of the ethnic groups in South Africa, led by Cyril Ramaphosa, are the Asian South Africans and the coloured people. The country is the location of 11 Diagonal Street and has the capital city of Cape Town."
,,,Dvě etnické skupiny v Jižní Africe v čele s Cyrilem Ramaphosou jsou asijští Jihoafričané a barevní lidé. V zemi se nachází 11 Diagonal Street a má hlavní město Kapské Město.
,,,Brooklyn is part of New York City.
,,,Brooklyn je součástí New York City.
,,,Brooklyn is a part of New York City.
,,,Brooklyn je součástí New York City.
,,,Al Khor Sports Club plays in the Qatar Stars League.
,,,Al Khor Sports Club hraje v Qatar Stars League.
,,,Al-Khor Sports Club's position is in the Qatar Stars League.
,,,Sportovní klub Al-Khor má pozici v Qatar Stars League.
,,,The ethnic group of Ireland is White people which is where the book A Long Long Way comes from and was followed by The Secret Scripture after being published by Faber and Faber.
,,,"Etnikem Irska jsou běloši, odkud pochází kniha Dlouhá dlouhá cesta a po vydání nakladatelstvím Faber a Faber následovalo Tajné písmo."
,,,"The book The secret Scriptures, published by Faber and Faber, is the follow-up to the novel A Long Long Way which was written in Ireland. One of the ethnic groups of Ireland is White People."
,,,"Kniha The secret Scriptures, kterou vydali Faber a Faber, navazuje na román A Long Long Way, který byl napsán v Irsku. Jednou z etnických skupin Irska jsou bílí lidé."
,,,"Linebacker Akeem Dent was born in Atlanta, Georgia."
,,,Linebacker Akeem Dent se narodil v Atlantě ve státě Georgia.
,,,"Akeem Dent, who was born in Atlanta, Georgia is a linebacker."
,,,"Akeem Dent, který se narodil v Atlantě ve státě Georgia, je linebacker."
,,,"Born in Atlanta, Georgia, Akeem Dent's position is linebacker."
,,,Akeem Dent se narodil v Atlantě ve státě Georgia a jeho pozice je linebacker.
,,,"Italians are the people who live in Italy, where Italian is the language. Two of the leaders there are Pietro Grasso and Sergio Mattarella. Also in Italy, is the ground of A.S. Gubbio 1910."
,,,"Italové jsou lidé, kteří žijí v Itálii, kde je italština jazykem. Dva z lídrů jsou Pietro Grasso a Sergio Mattarella. Také v Itálii je půda A.S. Gubbio 1910."
,,,"The ground of A.S. Gubbio 1910 is located in Italy, where Italians live and where the language spoken is Italian. Pietro Grasso and Sergio Mattarella are leaders in Italy."
,,,"Pozemek A.S. Gubbio 1910 se nachází v Itálii, kde žijí Italové a kde se mluví italsky. Pietro Grasso a Sergio Mattarella jsou lídry v Itálii."
,,,The ground of A.S. Gubbio 1910 is located in Italy where Pietro Grasso and Sergio Mattarella are leaders and the Italian language is spoken. The inhabitants of Italy are knows as Italians.
,,,"Pozemek A.S. Gubbio 1910 se nachází v Itálii, kde jsou vůdci Pietro Grasso a Sergio Mattarella a kde se mluví italsky. Obyvatelé Itálie jsou známí jako Italové."
,,,Ayam penyet is a food dish found in Java where the Baduy are an ethnic group.
,,,"Ayam penyet je jídlo nalezené na Jávě, kde jsou Baduyové etnickou skupinou."
,,,Ayam penyet is a food found in Java; the Baduy are one of the ethnic groups found in the country.
,,,Ayam penyet je jídlo nalezené na Jávě; Baduyové jsou jednou z etnických skupin v zemi.
,,,Ayam Penyet is a food found in Java where an ethnic group is Baduy.
,,,"Ayam Penyet je jídlo nalezené na Jávě, kde je etnická skupina Baduy."
,,,1101 Clematis has a mass of 5.7 kgs.
,,,"1101 Clematis má hmotnost 5,7 kg."
,,,1101 Clematis has a mass of 5.7 kilograms.
,,,"1101 Clematis má hmotnost 5,7 kilogramů."
,,,"Alex Tyus plays in the Euroleague for the club, Maccabi Tel Aviv B.C."
,,,Alex Tyus hraje v Eurolize za klub Maccabi Tel Aviv B.C.
,,,"Alex Tyus, now in the Euroleague, played for Maccabi Tel Aviv B.C."
,,,"Alex Tyus, nyní v Eurolize, hrál za Maccabi Tel Aviv BC."
,,,"Alex Tyus, who played for Maccabi Tel Aviv B.C., plays in the Euroleague."
,,,"Alex Tyus, který hrál za Maccabi Tel Aviv BC, hraje Euroligu."
,,,Jack Kirby is an American.
,,,Jack Kirby je Američan.
,,,Jack Kirby's nationality is American.
,,,Jack Kirby má americké občanství.
,,,Jack Kirby was an American.
,,,Jack Kirby byl Američan.
,,,"Akeem Ayers, who was born in 1989, made his debut for the Tennessee Titans and has also played for the New England Patriots."
,,,"Akeem Ayers, který se narodil v roce 1989, debutoval za Tennessee Titans a hrál také za New England Patriots."
,,,Akeem Ayers was born in 1989 and made his debut with the Tennessee Titans and has also played for the New England Patriots.
,,,Akeem Ayers se narodil v roce 1989 a debutoval s Tennessee Titans a také hrál za New England Patriots.
,,,"Asam pedas is a food found in Malaysia, of which the capital city is Putrajaya."
,,,"Asam pedas je jídlo nalezené v Malajsii, jejímž hlavním městem je Putrajaya."
,,,Putrajaya is the capital of Malaysia where Asam pedas is one of the foods.
,,,"Putrajaya je hlavním městem Malajsie, kde je Asam pedas jednou z potravin."
,,,Asam pedas is a food found in Malaysia whose capital is Putrajaya.
,,,"Asam pedas je jídlo nalezené v Malajsii, jejímž hlavním městem je Putrajaya."
,,,"The AIDAluna has a length of 252000.0 millimetres and a its ship beam length is 32.2. AIDAluna service was started on the 22nd of March, 2009."
,,,"AIDAluna má délku 252 000,0 milimetrů a délka jeho lodního paprsku je 32,2. Služba AIDAluna byla spuštěna 22. března 2009."
,,,"Started its service on the 22nd March, 2009, the AIDAluna is 252000.0 millimetres long and has a beam of 32.2m."
,,,"AIDAluna zahájila svou službu 22. března 2009, je 252 000,0 milimetrů dlouhá a má paprsek 32,2 m."
,,,"The service of the AIDAluna began March 22, 2009. The AIDAluna is 252 m long and its beam is 32.2 m. long."
,,,"Služba AIDAluna byla zahájena 22. března 2009. AIDAluna je 252 m dlouhá a její nosník je 32,2 m. dlouho."
,,,"Kent (United Kingdom) born Adam Holloway is in the Conservative Party (UK), and is a graduate of Magdalene College, Cambridge."
,,,"Kent (Spojené království), narozen jako Adam Holloway, je členem Konzervativní strany (UK) a je absolventem Magdalene College v Cambridge."
,,,"Magdalene College Cambridge alum and Tory member Adam Holloway, was born in Kent, United Kingdom."
,,,Člen Magdalene College Cambridge a člen Tory Adam Holloway se narodil v Kentu ve Spojeném království.
,,,Alex Day performs Synthpop music which is a form of pop music derived from house music.
,,,"Alex Day hraje Synthpop music, což je forma pop music odvozená z house music."
,,,"Alex Day uses the Synthpop genre, which gets it stylistic origins from pop music. It is derived from house music."
,,,"Alex Day používá žánr Synthpop, který má stylový původ z populární hudby. Vychází z house music."
,,,"Alex Day performs Synthpop music, a form of House music, which has its stylistic origins in pop music."
,,,"Alex Day hraje Synthpop music, formu house music, která má svůj stylový původ v pop music."
,,,Joseph Stalin was a commander in World War II.
,,,Joseph Stalin byl velitelem ve druhé světové válce.
,,,A commander in World War II was Joseph Stalin.
,,,Velitelem ve druhé světové válce byl Josif Stalin.
,,,"Andrew White, a musician signed to the record label B-Unique Records, plays for the band Kaiser Chiefs and is associated with the musical artist Marry Banilow."
,,,"Andrew White, hudebník podepsaný u vydavatelství B-Unique Records, hraje pro kapelu Kaiser Chiefs a je spojován s hudební umělkyní Marry Banilow."
,,,"Kaiser Chiefs band member, musician Andrew White, is signed to the record label B-Unique Records andis associated with the musical artist, Marry Banilow."
,,,"Člen kapely Kaiser Chiefs, hudebník Andrew White, je podepsán u vydavatelství B-Unique Records a je spojen s hudební umělkyní Marry Banilow."
,,,Andrew White is signed with B-Unique Records and is associated with Marry Banilow. and the Kaiser Chiefs.
,,,Andrew White je podepsán s B-Unique Records a je spojen s Marry Banilow. a Kaiser Chiefs.
,,,"With a runway length of 3800 metres, Athens International Airport is in Spata, and serves the city of Athens."
,,,Aténské mezinárodní letiště s délkou ranveje 3800 metrů se nachází ve městě Spata a obsluhuje město Atény.
,,,Athens International Airport serves Athens but is actually located in Spata. Its runway length is 3800.
,,,"Aténské mezinárodní letiště slouží Aténám, ale ve skutečnosti se nachází ve městě Spata. Jeho délka dráhy je 3800."
,,,"Athens International Airport located in Spata, serves the city of Athens. Its runway length is 3,800."
,,,"Aténské mezinárodní letiště se nachází ve městě Spata, obsluhuje město Atény. Jeho délka dráhy je 3800."
,,,Abradab was born in Poland and one of the country's ethnic groups is Kashubians.
,,,Abradab se narodil v Polsku a jednou z etnických skupin země jsou Kašubové.
,,,The birth place of Abradab is Poland where Kashubians are an ethnic group.
,,,"Rodištěm Abradabu je Polsko, kde jsou Kašubové etnickou skupinou."
,,,Abradab was born in Poland where Kashubians are an ethnic group.
,,,"Abradab se narodil v Polsku, kde jsou Kašubové etnickou skupinou."
,,,"Adolfo Suarez Madrid-Barajas airport, which is operated by ENAIRE, is located at Madrid, Paracuellos de Jarama, San Sebastián de los Reyes and Alcobendas. The airport is 610 metres above sea level, has a runway name of 14R/32L and a length of 3500."
,,,"Letiště Adolfa Suareze Madrid-Barajas, které provozuje ENAIRE, se nachází v Madridu, Paracuellos de Jarama, San Sebastián de los Reyes a Alcobendas. Letiště se nachází v nadmořské výšce 610 metrů, má název dráhy 14R/32L a délku 3500."
,,,"Adolfo Suárez Madrid-Barajas Airport is locaed in Madrid, Paracuellos de Jarama, San Sebastian de los Reyes and Alcobendas. The airport has an elevation 610.0 meters above sea level and operated by ENAIRE. The airport has a runway called 14R/32L and is 3,500 long."
,,,"Letiště Adolfa Suáreze Madrid-Barajas se nachází v Madridu, Paracuellos de Jarama, San Sebastian de los Reyes a Alcobendas. Letiště má nadmořskou výšku 610,0 metrů nad mořem a provozuje jej společnost ENAIRE. Letiště má přistávací dráhu s názvem 14R/32L a je dlouhá 3500 metrů."
,,,Duncan Rouleau and Steven T. Seagle created Baymax.
,,,Duncan Rouleau a Steven T. Seagle vytvořili Baymax.
,,,Baymax was created by Duncan Rouleau and Steven T. Seagle.
,,,Baymax vytvořili Duncan Rouleau a Steven T. Seagle.
,,,Baymax was created by both Duncan Rouleau and Steven T. Seagle.
,,,Baymax vytvořili Duncan Rouleau a Steven T. Seagle.
,,,"Jean-Michel Aulas owns the Olympique Lyonnais FC out of the Parc Olympique Lyonnais stadium, where Aleksandre Gurul is a member. Aleksandre Guruli also played for the FC Dinamo Batumi of which Levan Khomeriki is the manager."
,,,"Jean-Michel Aulas vlastní klub Olympique Lyonnais FC ze stadionu Parc Olympique Lyonnais, jehož členem je Aleksandre Gurul. Aleksandre Guruli také hrál za FC Dinamo Batumi, jehož manažerem je Levan Khomeriki."
,,,"Footballer, Aleksandre Guruli plays for FC Dinamo Batumi whose manager is Levan Khomeriki. He plays also for the Olympique Lyonnais club whose owner is Jean-Michel Aulas and whose home ground is the Parc Olympique Lyonnais."
,,,"Fotbalista Aleksandre Guruli hraje za FC Dinamo Batumi, jehož manažerem je Levan Khomeriki. Hraje také za klub Olympique Lyonnais, jehož majitelem je Jean-Michel Aulas a jehož domovským hřištěm je Parc Olympique Lyonnais."
,,,Aleksandre Guruli played for the Olympique Lyonnais club who are owned by Jean-Michel Aulas and play their home games at the Parc Olympique Lyonnais. He also played for FC Dinamo Batumi who are managed by Levan Khomeriki.
,,,"Aleksandre Guruli hrál za klub Olympique Lyonnais, který vlastní Jean-Michel Aulas a hrají své domácí zápasy v Parc Olympique Lyonnais. Hrál také za FC Dinamo Batumi, které vede Levan Khomeriki."
,,,"Ahmet Ertegun was born 1923, in Washington D.C., the United States and was a Rock and roll performer who had a background as a non performing personnel."
,,,"Ahmet Ertegun se narodil v roce 1923 ve Washingtonu D.C. ve Spojených státech amerických a byl rock and rollovým umělcem, který měl minulost jako nehrající personál."
,,,Ahmet Ertegun was born 1923 and is from the United States. Washington D.C. is the origin of Ahmet Ertegun whohas a background as a non performing personnel. Ahmet Ertegun performs rock and roll music.
,,,"Ahmet Ertegun se narodil v roce 1923 a pochází ze Spojených států. Washington D.C. je původem Ahmeta Erteguna, který má zázemí jako nevýkonný personál. Ahmet Ertegun hraje rokenrolovou hudbu."
,,,Ahmet Ertegun originates from Washington D.C. (United States) and was born 1923. Ahmet Ertegun performs rock and roll music and his background is non performing personnel.
,,,Ahmet Ertegun pochází z Washingtonu D.C. (Spojené státy americké) a narodil se v roce 1923. Ahmet Ertegun hraje rokenrolovou hudbu a jeho minulost je nehrající personál.
,,,"Footballer Stuart Parker plays for KV Mechelen and is the manager of A.F.C. Blackpool whose ground is in Blackpool, where the leader is the Conservative Party (UK)."
,,,"Fotbalista Stuart Parker hraje za KV Mechelen a je manažerem A.F.C. Blackpool, jehož sídlo je v Blackpoolu, kde je lídrem Konzervativní strana (UK)."
,,,Blackpool based club AFC Blackpool is managed by Stuart Parker who is part of the KV Mechelen club. The town is led by the Conservative Party UK.
,,,"Blackpoolský klub AFC Blackpool je řízen Stuartem Parkerem, který je součástí klubu KV Mechelen. Město vede britská konzervativní strana."
,,,The apoapsis for (15788) 1993 SB is 7715100000.0 (kilometres).
,,,"Apoapsis pro (15788) 1993 SB je 7715100000,0 (kilometrů)."
,,,15788 1993 SB has an apoapsis of 7715100000 kilometres.
,,,15788 1993 SB má najeto 7715100000 kilometrů.
,,,Bakso is a traditional dish found in the whole of Indonesia and is popular in neighbouring Southeast Asian countries too. Jakarta is the capital of Indonesia and the leader is Jusuf Kalla.
,,,"Bakso je tradiční jídlo, které se vyskytuje v celé Indonésii a je oblíbené i v sousedních zemích jihovýchodní Asie. Jakarta je hlavním městem Indonésie a vůdcem je Jusuf Kalla."
,,,"Bakso is an Indonesian dish, popular all over the country and also a favourite in other Southeastern Asian nations. Indonesia's leader is Jusuf Kalla and the capital city is Jakarta."
,,,"Bakso je indonéské jídlo, oblíbené po celé zemi a také oblíbené v jiných zemích jihovýchodní Asie. Indonéským vůdcem je Jusuf Kalla a hlavním městem je Jakarta."
,,,"Adam Holloway was in the Grenadier Guards, in the military, he began his career on 5th May 2005 and fought in the Gulf War. John Major was a commander in the Gulf War."
,,,"Adam Holloway byl u Grenadier Guards, v armádě, svou kariéru začal 5. května 2005 a bojoval ve válce v Zálivu. John Major byl velitelem ve válce v Zálivu."
,,,"Adam Holloway began his career on May 5th 2005, served in the Grenadier Guards, and was involved in Gulf War battles. John Major was a commander during the Gulf War."
,,,"Adam Holloway zahájil svou kariéru 5. května 2005, sloužil u granátnických gard a účastnil se bojů ve válce v Zálivu. John Major byl velitelem během války v Zálivu."
,,,"Adam Holloway, who served in the Grenadier Guards and was involved in the Gulf War, began his political career on 5th May 2005. John Major was a commander in the Gulf War."
,,,"Adam Holloway, který sloužil u granátnických gard a byl zapojen do války v Zálivu, zahájil svou politickou kariéru 5. května 2005. John Major byl velitelem ve válce v Zálivu."
,,,The leader of Blackpool is the Conservative Party (UK).
,,,Vůdcem Blackpoolu je Konzervativní strana (UK).
,,,"Born in Dothan, Alabama, in 1981, and originally a solo singer, Allen Forrest plays pop music."
,,,Allen Forrest se narodil v roce 1981 v Dothanu v Alabamě a původně sólový zpěvák hraje populární hudbu.
,,,"Pop artist, Allen Forrest, originally a solo singer, was born in Dothan, Alabama, in 1981."
,,,"Popový umělec Allen Forrest, původně sólový zpěvák, se narodil v Dothanu v Alabamě v roce 1981."
,,,"Allen Forrest was born in 1981, in Dothan, Alabama. Originally a solo singer, Allen Forrest plays pop music."
,,,"Allen Forrest se narodil v roce 1981 v Dothanu v Alabamě. Allen Forrest, původně sólový zpěvák, hraje pop music."
,,,"Salem is the capital of Oregon, the state where Albany is located, in the United States. The country where Americans live and where African Americans are one of the ethnic groups."
,,,"Salem je hlavní město Oregonu, státu, kde se nachází Albany, ve Spojených státech amerických. Země, kde žijí Američané a kde jsou Afroameričané jednou z etnických skupin."
,,,"Albany is a city in Oregon, the capital of which is Salem. Albany, Oregon is located within the United States, where the inhabitants are called Americans, and where African Americans are one of the ethnic groups."
,,,"Albany je město v Oregonu, jehož hlavním městem je Salem. Albany, Oregon se nachází ve Spojených státech, kde se obyvatelé nazývají Američané a Afroameričané jsou jednou z etnických skupin."
,,,T S Thakur is the leader of India; also the location of Amdavad ni Gufa.
,,,TS Thakur je vůdcem Indie; také umístění Amdavad ni Gufa.