"4,68627451","4,441176471",102,cubbitt
Adequacy,Fluency,Notes,
,,,"Albert Jennings Fountain was born in New York City and died in Dona Ana County, New Mexico. He had fought in the American Civil War, during which, Jefferson Davis was a commander."
5,5,,"Albert Jennings Fountain se narodil v New Yorku a zemřel v okrese Dona Ana v Novém Mexiku. Bojoval v americké občanské válce, během níž byl Jefferson Davis velitelem."
,,,"New York City was the birthplace of Albert Jennings Fountain and he passed away in Dona Ana County, New Mexico. He fought in the American Civil War and one commander in that war was Jefferson Davis."
5,5,,New York City bylo rodištěm Alberta Jenningse Fountaina a zemřel v Dona Ana County v Novém Mexiku. Bojoval v Americké občanské válce a jedním velitelem v této válce byl Jefferson Davis.
,,,"Albert Jennings Fountain was born in New York City and died in Dona Ana County, New Mexico. He fought in the American Civil War where one of the commanders was Jefferson Davis."
5,5,,"Albert Jennings Fountain se narodil v New Yorku a zemřel v okrese Dona Ana v Novém Mexiku. Bojoval v americké občanské válce, kde byl jedním z velitelů Jefferson Davis."
,,,An ingredient of a bacon explosion is sausage.
4,3,,Složkou výbuchu slaniny je klobása.
,,,Sausage in an ingredient in bacon explosion.
1,1,,Klobása v ingredienci při výbuchu slaniny.
,,,Sausage is an ingredient of a Bacon Explosion.
5,5,,Klobása je ingrediencí Bacon Explosion.
,,,Alex Day became active in music in 2006.
5,5,,Alex Day se začal aktivně věnovat hudbě v roce 2006.
,,,Alex Day started performing in 2006.
5,5,,Alex Day začala vystupovat v roce 2006.
,,,Alex Day's active years in music began in 2006.
5,5,,Aktivní hudební kariéra Alexe Daye začala v roce 2006.
,,,"The Derbyshire Dales dish of Bakewell pudding is a dessert of ground almond, jam, butter and eggs that is delicious either hot or cold."
3,3,,"Derbyshire Dales jídlo Bakewell pudink je dezert z mleté mandle, džem, máslo a vejce, která je vynikající buď teplé nebo studené."
,,,"Bakewell pudding is a dessert from the Derbyshire Dales region that can be served warm (freshly baked) or cold. It contains ground almond, jam, butter and eggs as its main ingredients."
5,5,,"Bakewell pudink je dezert z oblasti Derbyshire Dales, který se může podávat teplý (čerstvě upečený) nebo studený. Jeho hlavními ingrediencemi jsou mleté mandle, džem, máslo a vejce."
,,,"Bakewell pudding originates from the Derbyshire Dales and is a dessert you can eat warm (freshly baked) or cold. The ingredients include ground almond, jam, butter and eggs."
5,4,,"Bakewell pudink pochází z Derbyshire Dales a je dezert, který můžete jíst teplý (čerstvě upečený) nebo studený. Složky zahrnují mleté mandle, džem, máslo a vejce."
,,,Italy is the country Amatriciana sauce comes from and is where the Italian language is spoken.
1,1,,"Itálie je země Amatriciana omáčka pochází z a je místo, kde se mluví italsky."
,,,Italy where Italian is spoken is also where amatriciana sauce originated.
5,5,,"Itálie, kde se mluví italsky, je také místem, kde vznikla omáčka amatriciana."
,,,Italian is the language spoken in Italy where Amatriciana sauce is a traditional sauce.
5,4,,"Italština je jazyk, kterým se mluví v Itálii, kde je omáčka Amatriciana tradiční omáčkou."
,,,"The tenant of the AC Hotel Bella Sky Copenhagen is the Marriott International Hotel whose headquarters are in Bethesda, Maryland."
5,5,,"Nájemcem AC Hotelu Bella Sky Copenhagen je Marriott International Hotel, jehož sídlo se nachází v Bethesdě ve státě Maryland."
,,,"The tenant of the AC Hotel Bella Sky Copenhagen is Marriott International, the company that is located in Bethesda, Maryland."
5,5,,"Nájemcem AC Hotelu Bella Sky Copenhagen je společnost Marriott International, která sídlí v Bethesdě ve státě Maryland."
,,,The tenant of the AC Hotel Bella Sky Copenhagen is the Marriott International Hotel which has its office at Bethesda Maryland.
5,4,,"Nájemcem AC Hotelu Bella Sky Copenhagen je Marriott International Hotel, který má svou kancelář v Bethesdě Maryland."
,,,William Anders served as Chief of the Astronaut Office in 1976 and had a title as the United States Ambassador to Norway.
5,5,,William Anders působil jako šéf úřadu astronautů v roce 1976 a měl titul velvyslance Spojených států v Norsku.
,,,William Anders time as Chief of the Astronaut Office in 1976 has prepared him well for his new position as United States Ambassador to Norway.
5,1,,William Anders čas jako šéf Astronaut Office v roce 1976 ho dobře připravil na jeho novou pozici velvyslance Spojených států v Norsku.
,,,"The United States Ambassador to Norway, William Anders, served as Chief of the Astronaut Office in 1976."
5,5,,Velvyslanec Spojených států v Norsku William Anders působil v roce 1976 jako šéf úřadu astronautů.
,,,French Guiana is the location of the Guiana Space Centre.
5,5,,Ve Francouzské Guyaně se nachází vesmírné středisko Guyana.
,,,The Guiana Space Centre is located in French Guiana.
5,5,,Vesmírné středisko Guyana se nachází ve Francouzské Guyaně.
,,,"The dish Arem arem originates from Indonesia, more specifically Java. Indonesia's leader's name is Joko Widodo. and the currency is the rupiah. The language is Indonesian."
5,5,,"Pokrm Arem arem pochází z Indonésie, přesněji z Jávy. Jméno vůdce Indonésie je Joko Widodo. a měnou je rupie. Jazykem je indonéština."
,,,"The dish arem arem is found nationwide in Indonesia, but is more specific to Java. In Indonesia, the currency is called the Indonesian rupiah, the language spoken is Indonesian and a leader is Joko Widodo."
5,5,,"Pokrm arem arem se vyskytuje celostátně v Indonésii, ale je více specifický pro Jávu. V Indonésii se měna nazývá indonéská rupie, mluveným jazykem je indonéština a vůdcem je Joko Widodo."
,,,"Arem-arem, is predominant in Indonesia's Java. Indonesia is led by Joko Widodo, hails the currency rupiah and the Indonesian language is spoken."
4,4,,"Arem-arem, převládá v indonéské Jávě. Indonésii vede Joko Widodo, volá měnu rupiah a mluví se indonéským jazykem."
,,,AmeriGas works in the country of the United States.
4,4,,AmeriGas pracuje v zemi Spojených států.
,,,AmeriGas's home country is the United States.
5,5,,Domovskou zemí AmeriGas jsou Spojené státy.
,,,AmeriGas is working in the United States.
4,4,,AmeriGas pracuje ve Spojených státech.
,,,AmeriGas is located in the country of the United States.
5,4,,AmeriGas se nachází v zemi Spojených států.
,,,"Appletone International Airport, which serves the city of Appleton, is found in Greenville, Wisconsin in the U.S.A. Greenville is part of the town of Menasha and Ellington."
5,5,,"Letiště Appletone International Airport, které obsluhuje město Appleton, se nachází v Greenville ve státě Wisconsin v USA. Greenville je součástí města Menasha a Ellington."
,,,"The Appleton International Airport is located in Greenville, Wisconsin, United States and serves the city of Appleton, Wisconsin. Greenville is part of the town of Menasha and Ellington, Wisconsin."
5,4,,Letiště Appleton International Airport se nachází v Greenville ve Wisconsinu ve Spojených státech a obsluhuje město Appleton ve Wisconsinu. Greenville je součástí města Menasha a Ellington ve Wisconsinu.
,,,"The bacon sandwich comes from the United Kingdom. Its main ingredients are bread and bacon and a condiment, often ketchup or brown sauce. It is known by several different names including: Bacon butty, bacon sarnie, rasher sandwich, bacon sanger, piece 'n bacon, bacon cob, bacon barm and bacon muffin. The BLT is a variant of the bacon sandwich."
5,4,,"Sendvič se slaninou pochází ze Spojeného království. Jeho hlavními ingrediencemi jsou chléb se slaninou a koření, často kečup nebo hnědá omáčka. Je známý pod několika různými názvy včetně: Bacon butty, slaninový sarnie, sendvič rasher, slaninový sanger, piece 'n slanina, slaninový kukuřičný klas, slaninový barm a slaninový muffin. BLT je variantou slaninového sendviče."
,,,"Bacon sandwiches (made with bread) are popular in the UK where it is also known as a bacon butty, bacon sarnie, rasher sandwich, bacon sanger, piece 'n bacon, bacon cob, bacon barm, or bacon muffin. Variations on the sandwich include the BLT and it can be served with ketchup or brown sauce as a condiment."
4,3,,"Slaninové sendviče (vyrobené s chlebem) jsou populární ve Velké Británii, kde je také známý jako slaninový butty, slaninový sarnie, rasher sendvič, slaninový sanger, piece 'n slanina, slaninový cob, slaninový barm, nebo slaninový muffin. Variace na sendvič patří BLT a může být podáván s kečupem nebo hnědou omáčkou jako koření."
,,,Aaron Boogaard was born on 11/08/1986 in Saskatchewan and played for the Wichita Thunder club.
5,5,,Aaron Boogaard se narodil 11/08/1986 v Saskatchewanu a hrál za klub Wichita Thunder.
,,,"Aaron Boogaard, who plays for Wichita Thunder, was born in Saskatchewan on August 11th 1986."
5,5,,"Aaron Boogaard, který hraje za Wichita Thunder, se narodil v Saskatchewanu 11. srpna 1986."
,,,Aaron Boogaard was born in Saskatchewan on August 11th 1986. His club is Wichita Thunder.
5,5,,Aaron Boogaard se narodil v Saskatchewanu 11. srpna 1986. Jeho klub je Wichita Thunder.
,,,"Anderson, Indiana is led by the Democratic Party of the US."
5,5,,Andersona v Indianě vede Demokratická strana USA.
,,,"Chinabank, with net income of 15,100,000,000, employs 5594 workers to provide banking services at 295 banking centers."
5,"4,5",,"Chinabank s čistým příjmem 15 100 000 000 zaměstnává 5594 pracovníků, kteří poskytují bankovní služby ve 295 bankovních centrech."
,,,Chinabank now has 295 banks with 5594 employees earning them a net income of 15100000000.
5,5,,"Chinabank má nyní 295 bank s 5594 zaměstnanci, kteří jim vydělávají čistý příjem 15100000000."
,,,"Chinabank offers banking service at its 295 locations boasting 5594 employees and total net income of 15,100,000,000."
5,"4,5",,"Chinabank nabízí bankovní služby na svých 295 místech, kde se může pochlubit 5594 zaměstnanci a celkovým čistým příjmem 15 100 000 000."
,,,"One of the ethnic groups in the United States are the African Americans. The US is where you will find Angola, part of Steuben County in Indiana."
5,5,,"Jednou z etnických skupin ve Spojených státech jsou Afroameričané. V USA najdete Angolu, část okresu Steuben v Indianě."
,,,"Angola is in Steuben County, Indiana, United States and the African americans are an ethnic group of the country."
5,4,,Angola leží v okrese Steuben County ve státě Indiana ve Spojených státech amerických a afričtí Američané jsou etnickou skupinou země.
,,,"Angola, Indiana is part of Steuben County in the U.S. and one of the country's ethnic groups are African Americans."
5,5,,Angola v Indianě je součástí okresu Steuben County v USA a jednou z etnických skupin v zemi jsou Afroameričané.
,,,Country music originated from blues music.
5,5,,Country hudba vznikla z bluesové hudby.
,,,The stylistic origin of country music is blues.
5,5,,Stylovým původem country hudby je blues.
,,,The singer Andra is associated with the band CRBL.
5,5,,Zpěvačka Andra je spojována se skupinou CRBL.
,,,"Monroe Township, Madison County, Indiana is in the U.S."
5,5,,"Monroe Township, Madison County, Indiana je v USA."
,,,"Monroe Township, Madison County, Indiana is situated within the United States."
5,5,,Monroe Township se nachází v okrese Madison County ve státě Indiana ve Spojených státech amerických.
,,,The singer Andra's genre is rhythm and blues which has funk as a derivative.
4,4,,"Žánrem zpěvačky Andry je rhythm and blues, které má funk jako derivát."
,,,"Andra sings rhythm and blues, of which funk is a derivative."
4,4,,"Andra zpívá rhythm and blues, jehož derivátem je funk."
,,,"Andra is a rhythm and blues artist, which is derived from Funk."
3,3,,"Andra je rhythm and bluesová umělkyně, která je odvozena od Funku."
,,,Alex Tyus plays for Pallacanestro Cantu in the Turkish Basketball Super League.
5,5,,Alex Tyus hraje za Pallacanestro Cantu v turecké basketbalové Superlize.
,,,Alex Tyus plays with the club Pallacanestro Cantù in the Turkish Basketball Super League.
5,5,,Alex Tyus hraje s klubem Pallacanestro Cantù v turecké basketbalové Superlize.
,,,"Written in English, Above the Veil followed the book Aenir which has the ISBN number 0-439-17684-0."
4,3,,"Napsáno v angličtině, Nad závojem následoval knihu Aenir, která má ISBN číslo 0-439-17684-0."
,,,"Aenir has the ISBN number 0-439-17684-0. It was followed up by Above the Veil, which is written in English."
5,4,,"Aenir má ISBN číslo 0-439-17684-0. Následovalo dílo Above the Veil, které je psáno v angličtině."
,,,"Aenir has a ISBN number of 0-439-17684-0 and is a prequel to the English book ""Above the Veil""."
5,5,,Aenir má ISBN číslo 0-439-17684-0 a je prequelem anglické knihy „Above the Veil“.
,,,"The Colombian dish, Bandeja paisa, is from the Antioquia Department region, and includes avocado which is part of the Lauraceae family."
5,5,,"Kolumbijské jídlo, Bandeja paisa, pochází z regionu departementu Antioquia a obsahuje avokádo, které je součástí čeledi Lauraceae."
,,,"Avocado, part of the Lauraceae family, is one of the ingredients of Bandeja paisa, a typical Colombian dish from the Antioquia Department region."
5,4,,"Avokádo, patřící do rodiny Lauraceae, je jednou z ingrediencí Bandeja paisa, typického kolumbijského pokrmu z regionu departementu Antioquia."
,,,"Bandeja paisa is a dish from the Antioquia Department region of Colombia. Avocado, which is part of the Lauraceae family, is one of the ingredients."
5,4,,"Bandeja paisa je pokrm z kolumbijského departementu Antioquia. Avokádo, které patří do čeledi Lauraceae, je jednou z ingrediencí."
,,,Alfredo Zitarrosa is signed with the record label Odeon Records.
5,5,,Alfredo Zitarrosa podepsal smlouvu s nahrávacím vydavatelstvím Odeon Records.
,,,Alfredo Zitarrosa was signed to Odeon Records.
5,5,,Alfredo Zitarrosa podepsal smlouvu s Odeon Records.
,,,Alfredo Zitarrosa's recording label is Odeon Records.
5,4,,Nahrávací vydavatelství Alfreda Zitarrosy je Odeon Records.
,,,"The College of William and Mary own Alan B Miller Hall which was completed on 1 June 2009 at 101 Ukrop Way, Virginia."
5,5,,"College of William and Mary vlastní Alan B Miller Hall, která byla dokončena 1. června 2009 na 101 Ukrop Way ve Virginii."
,,,"Alan B. Miller Hall, completed on 1st June 2009, is owned by The College of William and Mary and is situated in 101 Ukrop Way, Virginia."
5,5,,"Alan B. Miller Hall, dokončená 1. června 2009, je ve vlastnictví The College of William and Mary a nachází se na 101 Ukrop Way ve Virginii."
,,,"The College of William and Mary own Alan B. Miller Hall. Alan B. Miller Hall is situated at 101 Ukrop Way, Virginia and it was completed on the 1st June, 2009."
5,5,,College of William and Mary vlastní Alan B. Miller Hall. Alan B. Miller Hall se nachází na adrese 101 Ukrop Way ve Virginii a byla dokončena 1. června 2009.
,,,"The United States Air Force, who operated Al Asad airbase, deploy the aircraft fighter known as General Dynamics F-16 Fighting Falcon."
5,5,,"Letectvo Spojených států, které provozovalo leteckou základnu Al Asad, nasadilo stíhací letoun General Dynamics F-16 Fighting Falcon."
,,,Al Asad Airbase is operated by the United States Air Force which also uses the General Dynamics F-16 Fighting Falcon aircraft.
5,4,,"Letecká základna Al Asad je provozována letectvem Spojených států amerických, které také používá letouny General Dynamics F-16 Fighting Falcon."
,,,The General Dynamics F-16 Fighting Falcon is an aircraft fighter in the United States Air Force who are the operating organisation for Al Asad airbase.
5,4,,"General Dynamics F-16 Fighting Falcon je stíhací letoun letectva Spojených států amerických, který provozuje leteckou základnu Al Asad."
,,,"Halton Arp was a doctoral student of Walter Baade, the discoverer of 1036 Ganymed. Baade was a German national who was born in Preussisch Oldendorf and graduated from University of Gottingen."
3,3,,"Halton Arp byl doktorand Walter Baade, objevitel 1036 Ganymed. Baade byl německý státní příslušník kteří se narodil v Preussisch Oldendorf a vystudoval University of Gottingen."
,,,"Halton Arp was a doctoral student of Walter Baade, the discoverer of 1036 Ganymed. Baade was a German national born in Preussisch Oldendorf who studied at the University of Gottingen."
4,3,,"Halton Arp byl doktorand Walter Baade, objevitel 1036 Ganymed. Baade byl německý státní příslušník narozený v Preussisch Oldendorf kteří studovali na univerzitě v Gottingenu."
,,,"Halton Arp was a doctoral student of Walter Baade, who discovered 1036 Ganymed. Walter Baade, a German national, was born in Preußisch Oldendorf and his alma mater was the University of Gottingen."
5,4,,"Halton Arp byl doktorandem Waltera Baade, který objevil 1036 Ganymed. Walter Baade, německý státní příslušník, se narodil v Preußisch Oldendorfu a jeho alma mater byla univerzita v Gottingenu."
,,,The full name of AFC Ajax (amateurs) is Amsterdamsche Football Club Ajax Amateurs and their nickname is Lucky Ajax. They played in the Topklasse in the 2014-2015 season and have 5000 Members.
5,4,,Celý název AFC Ajax (amatéři) je Amsterdamsche Football Club Ajax Amateurs a jejich přezdívka je Lucky Ajax. Hráli v Topklasse v sezoně 2014-2015 a mají 5000 Členové.
,,,"The nickname of AFC Ajax (amateurs), or ""Amsterdamsche Football Club Ajax Amateurs"", is Lucky Ajax. AFC Ajax (amateurs) played in the 2014-15 Topklasse season and have 5000 members."
3,3,,"Přezdívka AFC Ajax (amatéři), nebo ""Amsterdamsche Football Club Ajax Amateurs"", je Lucky Ajax. AFC Ajax (amatéři) hrál v sezóně 2014-15 Topklasse a má 5000 členů."
,,,"Aleksandr Chumakov passed away in Moscow where the leader is Sergey Sobyanin. Chumakov was a member of the Soviet Union national football team and also played for FC Torpedo Moscow under the manager, Valery Petrakov."
5,5,,"Alexandr Čumakov zemřel v Moskvě, kde je lídrem Sergej Sobjanin. Čumakov byl členem fotbalové reprezentace Sovětského svazu a také hrál za FC Torpedo Moskva pod vedením manažera Valerije Petrakova."
,,,"Valery Petrakov is the manager of FC Torpedo Moscow, the club Aleksandr Chumakov once played for. Aleksandr Chumakov's played for the Soviet Union national football team. He died in Moscow, the leader of which, is Sergey Sobyanin."
5,5,,"Valerij Petrakov je manažerem FC Torpedo Moskva, klubu, za který kdysi hrával Alexandr Čumakov. Alexandr Čumakov hrál za fotbalovou reprezentaci Sovětského svazu. Zemřel v Moskvě, jejímž lídrem je Sergej Sobjanin."
,,,"Aleksandr Chumakov who plays for the Soviet Union National football team, died in Moscow where the leader is Sergey Sobyanin. He has also played for FC torpedo Moscow who are managed by Valery Petrakov."
5,5,,"Alexandr Čumakov, který hraje za sovětský národní fotbalový tým, zemřel v Moskvě, kde je lídrem Sergej Sobjanin. Hrál také za FC Torpédo Moskva, které vede Valerij Petrakov."
,,,"William Anders was born in British Hong Kong on October 17th, 1933 and in 1963 after a stint as a fighter pilot, NASA picked him to be part of the space program."
3,5,,William Anders se narodil v britském Hongkongu 17. října 1933 a v roce 1963 si ho NASA vybrala jako člena vesmírného programu.
,,,William Anders was born in British Hong Kong on 1933.10.17. He served as a fighter pilot prior to being selected by NASA in 1963.
5,5,,"William Anders se narodil v britském Hongkongu v roce 1933.10.17. Sloužil jako stíhací pilot, než byl v roce 1963 vybrán NASA."
,,,"Alexandria is part of Madison County, located in the state of Indiana, whose capital is Indianapolis."
5,5,,"Alexandria je součástí okresu Madison County, který se nachází ve státě Indiana, jehož hlavním městem je Indianapolis."
,,,Alexandria is part of Madison County in Indiana where the capital city is Indianapolis.
5,5,,"Alexandria je součástí okresu Madison County v Indianě, jehož hlavním městem je Indianapolis."
,,,Alexandria is part of Madison County in Indiana where the state capital is Indianapolis.
5,5,,"Alexandria je součástí okresu Madison County v Indianě, jehož hlavním městem je Indianapolis."
,,,Alfredo Zitarrosa was born in Uruguay where the leader is Raul Fernando Sendic Rodriguez.
5,5,,"Alfredo Zitarrosa se narodil v Uruguayi, kde je lídrem Raul Fernando Sendic Rodriguez."
,,,"Alfredo Zitarrosa's birth place was Uruguay, where the leader is, Raul Fernando Sendic Rodriguez."
5,5,,"Rodným místem Alfreda Zitarrosy byla Uruguay, kde je vůdce Raul Fernando Sendic Rodriguez."
,,,"Alfredo Zitarrosa was born in Uruguay, a country led by Raul Fernando Sendic Rodriguez."
5,5,,"Alfredo Zitarrosa se narodil v Uruguayi, zemi vedené Raulem Fernandem Sendicem Rodriguezem."
,,,"Cake is served as a dessert, as is bionico, which contains the ingredient of sour cream."
5,5,,"Jako dezert se podává dort, stejně jako bionico, které obsahuje složku zakysané smetany."
,,,Cake is a variation of dessert such as Bionico which has sour cream as an ingredient.
5,4,,"Dort je variací dezertu jako Bionico, který má jako přísadu zakysanou smetanu."
,,,Bionico is a dessert (as is cake) that includes sour cream.
5,5,,"Bionico je dezert (stejně jako dort), který obsahuje zakysanou smetanu."
,,,"AmeriGas is a company that works in the United States, a country which is governed by federalism. AmeriGas has a work force of 8,500 employees, and produces a net income of 211200000."
5,4,,"AmeriGas je společnost, která pracuje ve Spojených státech, zemi, která je řízena federalismem. AmeriGas má 8 500 zaměstnanců a čistý příjem 211200000."
,,,"The American AmeriGas company generates a net income of $211,200,000. It employs 8500 people. The US has a federalism form of government."
5,5,,Americká společnost AmeriGas generuje čistý příjem 211 200 000 dolarů. Zaměstnává 8500 lidí. USA mají federalistickou formu vlády.
,,,"AmeriGas is a company that operates in the United States, a Federalism government type of country, that employs 8500 employees with a net income of 211200000."
4,4,,"AmeriGas je společnost, která působí ve Spojených státech, federálním vládním typu země, která zaměstnává 8500 zaměstnanců s čistým příjmem 211200000."
,,,"Asam pedas is a food found in Malaysia, a country that has Malay people as an ethnic group."
5,5,,"Asam pedas je jídlo, které se nachází v Malajsii, zemi, která má malajský lid jako etnickou skupinu."
,,,Asam pedas is a food found in Malaysia where the Malay are an ethnic group.
5,5,,"Asam pedas je potravina, která se vyskytuje v Malajsii, kde jsou Malajci etnickou skupinou."
,,,Malaysian Malay is an ethnic group in Malaysia and Asam pedas is a food that can be found there.
3,3,,"Malajština Malajština je etnická skupina v Malajsii a Asam pedas je jídlo, které lze nalézt tam."
,,,The fourth runway at Schiphol Airport in Amsterdam is made of asphalt.
5,5,,Čtvrtá dráha na letišti Schiphol v Amsterdamu je z asfaltu.
,,,The 4th runway at Amsterdam Airport Schiphol has a surface of asphalt.
5,5,,4. dráha na amsterdamském letišti Schiphol má asfaltový povrch.
,,,"The United States, led by the President of the United States, is the origin of the ALV X-1. The United States capital is Washington, D.C., and the national anthem is the Star-Spangled Banner. Native Americans is one of the ethnic groups in the US."
4,3,,"Spojené státy, vedené prezidentem Spojených států, jsou původem ALV X-1. Hlavním městem Spojených států je Washington, D.C., a národní hymnou je prapor s hvězdami. Původní Američané jsou jednou z etnických skupin v USA."
,,,"ALV X-1 originated in the United States wher the leader is the President, the capital is Washington D.C. and the Star Spangled Banner is the national anthem. Native Americans are an ethnic group in the U.S."
4,4,,"ALV X-1 vznikla ve Spojených státech, kde je vůdcem prezident, hlavním městem je Washington D.C. a národní hymnou je prapor s hvězdami. Původní Američané jsou etnickou skupinou v USA."
,,,"The country of origin of the ALV X-1 is the United States, where the leader is the President and Native Americans are an ethnic group. The capital of the United States is Washington, D.C, and the national anthem is the Star Spangled Banner."
5,5,,"Země původu ALV X-1 jsou Spojené státy, kde vůdcem je prezident a domorodí Američané jsou etnickou skupinou. Hlavním městem Spojených států je Washington, D.C. a národní hymnou je Star Spangled Banner."
,,,"In 1928 the School of Business and Social Sciences at the Aarhus University in Denmark was established. The current Dean is Thomas Pallesen and there are 16000 students and 737 academic staff. It is affiliated with the European University Association and has the latin name of ""Universitas Aarhusiensis""."
5,5,,V roce 1928 byla založena School of Business and Social Sciences na Aarhuské univerzitě v Dánsku. Současným děkanem je Thomas Pallesen a studuje zde 16000 studentů a 737 akademických pracovníků. Je přidružena k Evropské univerzitní asociaci a má latinský název „Universitas Aarhusiensis“.
,,,"The School of Business and Social Sciences at the Aarhus University is located in Denmark and it was established in 1928. It has 737 academic staff and 16,000 students. Its dean is Thomas Pallesen and its Latin name is ""Universitas Aarhusiensis"". The School is a member of the European University Association."
5,5,,Škola obchodních a sociálních věd na univerzitě v Aarhusu sídlí v Dánsku a byla založena v roce 1928. Má 737 akademických pracovníků a 16 000 studentů. Děkanem je Thomas Pallesen a latinský název je „Universitas Aarhusiensis“. Škola je členem Evropské asociace univerzit.
,,,"The School of Business and Social Sciences at the Aarhus University in Denmark was established in 1928 and is affiliated with the European University Association. Its dean is Thomas Pallesen, it has 16,000 students and 737 employees. Its Latin name is Universitas Aarhusiensis."
5,5,,"Škola obchodních a sociálních věd na Aarhuské univerzitě v Dánsku byla založena v roce 1928 a je přidružena k Evropské univerzitní asociaci. Jejím děkanem je Thomas Pallesen, má 16 000 studentů a 737 zaměstnanců. Její latinský název je Universitas Aarhusiensis."
,,,Khadija Arib is the leader of the House of Representatives in the Netherlands.
,,,Khadija Arib je šéfkou Sněmovny reprezentantů v Nizozemsku.
,,,The leader of the House of Representatives in the Netherlands is Khadija Arib.
,,,Předsedkyní Sněmovny reprezentantů v Nizozemsku je Khadija Arib.
,,,Khadija Arib is a leader in the House of Representatives.
,,,Khadija Arib je lídrem ve Sněmovně reprezentantů.
,,,"Elliot See who was originally from Dallas, US graduated from the University of Texas at Austin. He then went on to become a test pilot and has since passed away."
,,,"Elliot See, který pocházel z Dallasu, absolvoval Texaskou univerzitu v Austinu. Poté se stal zkušebním pilotem a od té doby zemřel."
,,,"Akron, Ohio is located within the United States where English is spoken and Asian Americans are an ethnic group there."
,,,"Akron v Ohiu se nachází ve Spojených státech, kde se mluví anglicky a asijští Američané jsou tam etnickou skupinou."
,,,"The country of Akron, Ohio is in the United States where English is the language and Asian Americans are an ethnic group."
,,,"Země Akron, Ohio je ve Spojených státech, kde angličtina je jazyk a asijské Američané jsou etnickou skupinou."
,,,"Akron, Ohio, is located in the English speaking, United States, where Asian Americans are one of the ethnic groups."
,,,"Akron, Ohio, se nachází v anglicky mluvící, Spojené státy, kde asijští Američané jsou jednou z etnických skupin."
,,,"A Wizard of Mars was written by Diane Duane, and has the ISBN number 978-0-15-204770-2."
,,,Čaroděje z Marsu napsala Diane Duane a má číslo ISBN 978-0-15-204770-2.
,,,A Wizard of Mars by Diane Duane has ISBN number 978-0-15-204770-2.
,,,A Wizard of Mars od Diane Duane má ISBN číslo 978-0-15-204770-2.
,,,"The author Diane Duane wrote the book A wizard of Mars, which can be found under the ISBN ""978-0-15-204770-2""."
,,,"Autorka Diane Duane napsala knihu Čaroděj z Marsu, kterou lze nalézt pod ISBN „978-0-15-204770-2“."
,,,Asam pedas is a dish from Sumatra which is a food found in Malaysia.
,,,"Asam pedas je pokrm ze Sumatry, který se vyskytuje v Malajsii."
,,,Sumatran dish asam pedas is found in Malaysia.
,,,Sumatran dish asam pedas se vyskytuje v Malajsii.
,,,Asam pedas is a dish from Sumatra and is also found in Malaysia.
,,,Asam pedas je pokrm ze Sumatry a vyskytuje se i v Malajsii.
,,,Alfred Moore Scales started his career on 1857-03-04.
,,,Alfred Moore Scales zahájil svou kariéru v letech 1857-03-04.
,,,"Alison O'Donnell, formerly of the Flibbertigibbet band, is associated with Plastik Mak."
,,,"Alison O'Donnell, dříve členka skupiny Flibbertigibbet, je spojována s Plastik Mak."
,,,Alison O'Donnell is associated with Plastik Mak and was a member of the Flibbertigibbet band.
,,,Alison O'Donnell je spojená s Plastik Mak a byla členkou skupiny Flibbertigibbet.
,,,Musician Alison O'Donnell is a member of Flibbertigibbet and associated with Plastik Mak.
,,,Hudebnice Alison O'Donnell je členkou skupiny Flibbertigibbet a spojená s Plastik Mak.
,,,"Abner W. Sibal was born in Ridgewood, Queens and was a member of the U.S. Republican party. He was a member of the Connecticut Senate from the 26th District and his successor was, Marjorie Farmer. Abner W. Sibal died in Alexandria, Virginia."
,,,Abner W. Sibal se narodil v Ridgewoodu v Queensu a byl členem americké republikánské strany. Byl členem senátu Connecticutu z 26. obvodu a jeho nástupkyní byla Marjorie Farmerová. Abner W. Sibal zemřel v Alexandrii ve Virginii.
,,,"Connecticut Senate's 26th District Republican member Abner W. Sibal was succeeded by Marjorie Farmer. Sibal was born in Ridgewood, Queens and died in Alexandria, Virginia."
,,,Sibal byl nahrazen Marjorie Farmerovou. Sibal se narodil v Ridgewoodu v Queensu a zemřel v Alexandrii ve Virginii.
,,,"AIP Advances (abbreviated to ""AIP Adv."") covers the discipline of physics."
,,,AIP Advances (zkráceně „AIP Adv.“) pokrývá oblast fyziky.
,,,"AIP Advances (abbreviated to ""AIP Adv."") is devoted to the study of physics."
,,,AIP Advances (zkráceně „AIP Adv.“) se věnuje studiu fyziky.
,,,"AIP Advances, abbreviated to AIP Adv., covers the discipline of physics."
,,,"AIP Advances, zkráceně AIP Adv., pokrývá obor fyzika."
,,,Paul Gustavson created The Arrow.
,,,Paul Gustavson vytvořil The Arrow.
,,,"The comic character, The Arrow, was created by Paul Gustavson."
,,,Komiksovou postavu Šíp vytvořil Paul Gustavson.
,,,"The largest city in Hays County, Texas is San Marcos."
,,,Největším městem okresu Hays County ve státě Texas je San Marcos.
,,,"San Marcos is the largest city in Hays County, Texas."
,,,San Marcos je největší město okresu Hays County ve státě Texas.
,,,Akeem Ayers who made his debut for the Tennessee Titans played previously for the Los Angeles Rams who play their home matches at the Los Angeles Memorial Coliseum.
,,,"Akeem Ayers, který debutoval za Tennessee Titans, hrál předtím za Los Angeles Rams, kteří hrají své domácí zápasy na stadionu Los Angeles Memorial Coliseum."
,,,"Akeem Ayers made his debut for the Tennessee Titans and his former team is the Los Angeles Rams, who play their home matches at the Los Angeles Memorial Coliseum."
,,,"Akeem Ayers debutoval za Tennessee Titans a jeho bývalým týmem jsou Los Angeles Rams, kteří hrají své domácí zápasy na stadionu Los Angeles Memorial Coliseum."
,,,"Akeem Ayers made his debut for the Tennessee Titans and later played for the Los Angeles Rams, whose home ground is the Los Angeles Memorial Coliseum."
,,,"Akeem Ayers debutoval za Tennessee Titans a později hrál za Los Angeles Rams, jejichž domovským hřištěm je Los Angeles Memorial Coliseum."
,,,"John Aman, is the alternative name for the comic character, Amazing-Man."
,,,John Aman je alternativní jméno pro komickou postavu Amazing-Man.
,,,The comic book character Amazing-Man's alter ego is John Aman.
,,,Komiksová postava Amazing-Manova alter ega je John Aman.
,,,John Aman is also known as Amazing-Man in the comics genre.
,,,John Aman je také známý jako Amazing-Man v komiksovém žánru.
,,,Aaron Turner performs ambient music. He is associated with the group Greymachine and has played with the band Twilight.
,,,Aaron Turner se věnuje ambientní hudbě. Je spojen se skupinou Greymachine a hrál s kapelou Twilight.
,,,"Musician, Aaron Turner; plays Ambient music, played with the band Twilight and is associated with the group Greymachine."
,,,"Hudebník Aaron Turner; hraje hudbu Ambient, hraje s kapelou Twilight a je spojen se skupinou Greymachine."
,,,Aaron Turner performs ambient music and played with Twilight and Greymachine.
,,,Aaron Turner hraje ambientní hudbu a hrál s Twilight a Greymachine.
,,,Am. J. Math is the abbreviation for the American Journal of Mathematics which was first published in 1878.
,,,"Am. J. Math je zkratka pro American Journal of Mathematics, která byla poprvé zveřejněna v roce 1878."
,,,"The American Journal of Mathematics, abbreviated to Am. J. Math., was first published in 1878."
,,,"The American Journal of Mathematics, zkráceně Am. J. Math., byl poprvé publikován v roce 1878."
,,,The American Journal of Mathematics was first published in 1878 and is also known by the abbreviated title of Am. J. Math.
,,,Americký Journal of Mathematics byl poprvé publikován v roce 1878 a je také známý pod zkráceným názvem Am. J. Math.
,,,"Batagor is found in Indonesia, it is a variation on the dish Siomay/Shumai and includes peanut sauce."
,,,"Batagor se vyskytuje v Indonésii, je variací na pokrm Siomay/Shumai a obsahuje arašídovou omáčku."
,,,"Batagor is a dish found in Indonesia, it includes peanut sauce. Siomay and Shumai are variations of the same dish."
,,,"Batagor je pokrm nalezený v Indonésii, obsahuje arašídovou omáčku. Siomay a Shumai jsou variace stejného pokrmu."
,,,"The Indonesian dish Batagor and the dish Shumai are variations of the dish Siomay, which contains peanut sauce."
,,,"Indonéský pokrm Batagor a pokrm Shumai jsou variacemi pokrmu Siomay, který obsahuje arašídovou omáčku."
,,,"Ann Arbor, Michigan is part of Washtenaw County, United States."
,,,"Ann Arbor je okres v americkém státě Michigan, který je součástí okresu Washtenaw County."
,,,"Ann Arbor is located in Washtenaw County, Michigan in the United States of America."
,,,Ann Arbor se nachází v okrese Washtenaw County ve státě Michigan ve Spojených státech amerických.
,,,"Ann Arbor is part of Washtenaw County, Michigan in the U.S."
,,,Ann Arbor je součástí okresu Washtenaw County ve státě Michigan ve Spojených státech amerických.
,,,Akeem Adams's club is the Trinidad and Tobago national under 17 football team.
,,,Klub Akeema Adamse je národní tým Trinidadu a Tobaga do 17 let.
,,,Akeem Adams played for the Trinidad and Tobago national under-17 football team.
,,,Akeem Adams hrál za národní tým Trinidadu a Tobaga do 17 let.
,,,Akeem Adams once played for the Trinidad and Tobago national under-17 football team.
,,,Akeem Adams hrával za národní tým Trinidadu a Tobaga do 17 let.
,,,"Albany, Georgia is in the United States where people speak English. The U.S. is home to Americans in general and African Americans."
,,,"Albany v Georgii je ve Spojených státech, kde se mluví anglicky. USA jsou domovem Američanů obecně a Afroameričanů."
,,,"Albany, Georgia, is in the United States, where African Americans are one of the ethnic groups. The people of this English speaking country, are known as Americans."
,,,"Albany v Georgii je ve Spojených státech, kde jsou Afroameričané jednou z etnických skupin. Obyvatelé této anglicky mluvící země jsou známí jako Američané."
,,,Americans is the name given to the inhabitants of the United States. This country is where Albany (in Georgia) is situated. It is also the country where African Americans are an ethnic group. They speak English in the U.S.
,,,"Američané je jméno dané obyvatelům Spojených států. Tato země je místo, kde se nachází Albany (v Georgii). Je to také země, kde jsou Afroameričané etnickou skupinou. V USA mluví anglicky."
,,,"The Samuda Brothers built the Alhambra which is powered by a Humphrys, Tennant and Dykes engine who is located is Deptford."
,,,"Bratři Samudové postavili Alhambru, která je poháněna motorem Humphrys, Tennant a Dykes, který se nachází v Deptfordu."
,,,"The Samuda Brothers built the Alhambra which has a Humphrys, Tennant and Dykes power type from Deptford."
,,,"Bratři Samudové postavili Alhambru, která má výkonný typ Humphrys, Tennant a Dykes z Deptfordu."
,,,Andra became active in the year 2000 and was a singer of rhythm and blues music. That music genre and funk music both originated from blues.
,,,Andra se stal aktivním v roce 2000 a byl zpěvákem rhythm and bluesové hudby. Že hudební žánr a funk hudba oba pocházejí z blues.
,,,Andra began her singing career in 2000 and her musical genre is rhythm and blues from which funk is derived. Rhythm and blues oirginated from blues music.
,,,"Andra začala svou pěveckou kariéru v roce 2000 a jejím hudebním žánrem je rhythm and blues, ze kterého je odvozen funk. Rhythm and blues oirginated from blues music."
,,,Andra is a rhythm and blues singer who became active in the year 2000. Rhythm and blues music originated from the blues and Funk is its derivative.
,,,"Andra je rhythm and bluesová zpěvačka, která se stala aktivní v roce 2000. Rhythm and bluesová hudba vznikla z blues a Funk je jeho derivátem."
,,,The 1955 Dodge has a 3-speed automatic transmission.
,,,Dodge z roku 1955 má třístupňovou automatickou převodovku.
,,,The 1955 Dodge uses a 3-speed automatic transmission.
,,,Dodge z roku 1955 používá třístupňovou automatickou převodovku.
,,,The 1955 Dodge possesses a 3-speed automatic transmission.
,,,Dodge z roku 1955 má třístupňovou automatickou převodovku.
,,,"Adam McQuaid, who plays for Boston based, Boston Bruins, draft team was the Columbus Blue Jackets."
,,,"Adam McQuaid, který hraje za Boston založené, Boston Bruins, draftu tým byl Columbus Blue Jackets."
,,,Adam McQuaid whose draft team is the Columbus Blue Jackets plays for the Boston Bruins from Boston.
,,,"Adam McQuaid, jehož draftový tým je Columbus Blue Jackets, hraje za Boston Bruins z Bostonu."
,,,Adam McQuaid's draft team was the Columbus Blue Jackets and he later played for Boston Bruins who are based in Boston.
,,,"Adam McQuaid draftoval tým Columbus Blue Jackets a později hrál za Boston Bruins, kteří sídlí v Bostonu."
,,,The orbital period of 109 Felicitas is 139705000.0.
,,,Oběžná perioda 109 Felicitas je 139705000.0.
,,,109 Felicitas has an orbital period of 139705000.0.
,,,109 Felicitas má oběžnou periodu 139705000.0.
,,,Aleksandr Prudnikov playes for FC Spartak Moscow and FC Terek Grozny. The latter is based in Grozny and the manager is Rashid Rakhimov.
,,,Alexandr Prudnikov hraje za FC Spartak Moskva a FC Těrek Groznyj. Druhý jmenovaný má sídlo v Grozném a manažerem je Rašid Rakhimov.
,,,"Aleksandr Prudnikov, who plays for FC Spartak Moscow, played for FC Terek Grozny. Rashid Rakhimov is the manager of FC Terek Grozny, the ground of which, is located in Grozny."
,,,"Alexandr Prudnikov, který hraje za FC Spartak Moskva, hrál za FC Terek Groznyj. Rašid Rakhimov je manažerem FC Terek Groznyj, jehož hřiště se nachází v Grozném."
,,,"FC Terek Grozny, which has its ground in Grozny, is managed by Rashid Rakhimov. Aleksandr Prudnikov, who played for FC Spartak Moscow, plays for FC Terek Grozny."
,,,"FC Terek Groznyj, který má své působiště v Grozném, řídí Rašid Rakhimov. Alexandr Prudnikov, který hrál za FC Spartak Moskva, hraje za FC Terek Groznyj."
,,,The ALCO RS-3 has a four-stroke engine and was built by the American Locomotive Company.
,,,ALCO RS-3 má čtyřtaktní motor a byl postaven americkou lokomotivní společností.
,,,The American Locomotive Company built the ALCO RS-3 which has a 4-stroke engine.
,,,"Společnost American Locomotive Company postavila stroj ALCO RS-3, který má čtyřtaktní motor."
,,,Dead Man's plack is made of rock and found in England (the capital of which is London) where Cornish is spoken.
,,,"Plak Dead Man je vyroben z kamene a nachází se v Anglii (jejíž hlavní město je Londýn), kde se mluví kornštinou."
,,,"The Dead Man's Plack is a monument made of rock situated in England. The capital of England is London, and Cornish is one of languages spoken in England."
,,,"The Dead Man's Plack je kamenný pomník, který se nachází v Anglii. Hlavním městem Anglie je Londýn a kornština je jedním z jazyků, kterými se v Anglii mluví."
,,,"The Alfa Romeo 164 is considered a mid-size luxury executive car and is also known as the ""Alfa Romeo 168"". The bodystyle of the Alfa Romeo 164 is Sedan and it has a straight four engine."
,,,Alfa Romeo 164 je považována za středně velké luxusní výkonné auto a je také známá jako „Alfa Romeo 168“. Karoserie Alfy Romeo 164 je Sedan a má přímý čtyřmotorový motor.
,,,The Alfa Romeo 164 has a Sedan body style and a straight-four engine. It is considered a mid-size luxury executive car and its alternative name is the Alfa Romeo 168.
,,,Alfa Romeo 164 má karoserii ve stylu Sedan a řadový čtyřválcový motor. Je považována za středně velký luxusní výkonný vůz a její alternativní název je Alfa Romeo 168.
,,,"Ahmet Ertegun, from the United States, plays rhythm and blues. A derivative of this genre is disco."
,,,Ahmet Ertegun ze Spojených států hraje rhythm and blues. Derivací tohoto žánru je disco.
,,,American Ahmet Ertegun plays Rhythm and Blues which helped give rise to Disco.
,,,"Američan Ahmet Ertegun hraje Rhythm and Blues, ze kterého vzešlo Disco."
,,,"The musical genre of american, Ahmet Ertegun, is rhythm and blues, a derivative of which is disco."
,,,"Hudebním žánrem Američana Ahmeta Erteguna je rhythm and blues, jehož derivátem je disco."
,,,"Orange County, is part of the greater Los Angeles area, in California where Anaheim and the United States House of Representatives can be found."
,,,"Orange County je součástí větší oblasti Los Angeles v Kalifornii, kde se nachází Anaheim a Sněmovna reprezentantů Spojených států."
,,,Anaheim in the United States lies within the Greater Los Angeles area of California. It is part of Orange County and led by the United States House of Representatives.
,,,Anaheim ve Spojených státech leží v oblasti Velkého Los Angeles v Kalifornii. Je součástí okresu Orange County a vede ho Sněmovna reprezentantů Spojených států.
,,,Anaheim is located in Orange County which is part of the Greater Los Angeles area of California. The city is led by the United States House of Representatives.
,,,"Anaheim se nachází v okrese Orange County, který je součástí oblasti Greater Los Angeles v Kalifornii. Město vede Sněmovna reprezentantů Spojených států."
,,,Grantville Gazette II is preceded by The Grantville Gazette.
,,,Grantville Gazette II předchází The Grantville Gazette.
,,,The Grantville Gazette preceded The Grantville Gazette II.
,,,Grantville Gazette předcházel The Grantville Gazette II.
,,,Grantville Gazette II was preceded by The Grantville Gazette.
,,,Grantville Gazette II předcházel The Grantville Gazette.
,,,11 Diagonal Street is in South Africa whose capital is Cape Town and Cyril Ramaphosa is one of its leaders. Ethnic groups in South Africa are Coloured people and Asian South Africans.
,,,"11 Diagonal Street je v Jižní Africe, jejímž hlavním městem je Kapské Město a Cyril Ramaphosa je jedním z jejích vůdců. Etnické skupiny v Jižní Africe jsou barevní lidé a asijští Jihoafričané."
,,,"11 Diagonal Street is located in South Africa, where ethnic groups include the Asian South Africans and the Coloured. Cyril Ramaphosa is the leader of South Africa, and its capital is Cape Town."
,,,"11 Diagonal Street se nachází v Jihoafrické republice, kde k etnickým skupinám patří asijští Jihoafričané a barevní. Cyril Ramaphosa je vůdcem Jihoafrické republiky a jejím hlavním městem je Kapské Město."
,,,"Two of the ethnic groups in South Africa, led by Cyril Ramaphosa, are the Asian South Africans and the coloured people. The country is the location of 11 Diagonal Street and has the capital city of Cape Town."
,,,"Dvě z etnických skupin v Jižní Africe, které vede Cyril Ramaphosa, jsou Asijští Jihoafričané a barevní lidé. Země se nachází na 11 Diagonal Street a má hlavní město Kapské Město."
,,,Brooklyn is part of New York City.
,,,Brooklyn je součástí New Yorku.
,,,Brooklyn is a part of New York City.
,,,Brooklyn je součástí New Yorku.
,,,Al Khor Sports Club plays in the Qatar Stars League.
,,,Al Khor Sports Club hraje v Qatar Stars League.
,,,Al-Khor Sports Club's position is in the Qatar Stars League.
,,,Sportovní klub Al-Khor působí v Qatar Stars League.
,,,The ethnic group of Ireland is White people which is where the book A Long Long Way comes from and was followed by The Secret Scripture after being published by Faber and Faber.
,,,"Etnickou skupinou Irska jsou Běloši, odkud pochází kniha Dlouhá dlouhá cesta, po níž následovalo Tajné Písmo poté, co ji vydali Faber a Faber."
,,,"The book The secret Scriptures, published by Faber and Faber, is the follow-up to the novel A Long Long Way which was written in Ireland. One of the ethnic groups of Ireland is White People."
,,,"Kniha Tajné Písmo, kterou vydali Faber a Faber, navazuje na román Dlouhá dlouhá cesta, který byl napsán v Irsku. Jednou z etnických skupin Irska jsou běloši."
,,,"Linebacker Akeem Dent was born in Atlanta, Georgia."
,,,Linebacker Akeem Dent se narodil v Atlantě v Georgii.
,,,"Akeem Dent, who was born in Atlanta, Georgia is a linebacker."
,,,"Akeem Dent, který se narodil v Atlantě, Georgia je linebacker."
,,,"Born in Atlanta, Georgia, Akeem Dent's position is linebacker."
,,,Narodil se v Atlantě v Georgii a jeho trenérem je obránce Akeem Dent.
,,,"Italians are the people who live in Italy, where Italian is the language. Two of the leaders there are Pietro Grasso and Sergio Mattarella. Also in Italy, is the ground of A.S. Gubbio 1910."
,,,"Italové jsou lidé, kteří žijí v Itálii, kde je italština jazykem. Dva z tamních vůdců jsou Pietro Grasso a Sergio Mattarella. Také v Itálii je půda A.S. Gubbia 1910."
,,,"The ground of A.S. Gubbio 1910 is located in Italy, where Italians live and where the language spoken is Italian. Pietro Grasso and Sergio Mattarella are leaders in Italy."
,,,"Půda A.S. Gubbia 1910 se nachází v Itálii, kde žijí Italové a kde se mluví italsky. Pietro Grasso a Sergio Mattarella jsou vůdci v Itálii."
,,,The ground of A.S. Gubbio 1910 is located in Italy where Pietro Grasso and Sergio Mattarella are leaders and the Italian language is spoken. The inhabitants of Italy are knows as Italians.
,,,"Půda A.S. Gubbia 1910 se nachází v Itálii, kde Pietro Grasso a Sergio Mattarella jsou vůdci a mluví se italsky. Obyvatelé Itálie jsou známí jako Italové."
,,,Ayam penyet is a food dish found in Java where the Baduy are an ethnic group.
,,,"Ayam penyet je pokrm, který se nachází na Jávě, kde Baduyové tvoří etnickou skupinu."
,,,Ayam penyet is a food found in Java; the Baduy are one of the ethnic groups found in the country.
,,,Ayam penyet je potravina nacházející se na Jávě; Baduyové jsou jednou z etnických skupin nacházejících se v zemi.
,,,Ayam Penyet is a food found in Java where an ethnic group is Baduy.
,,,"Ayam Penyet je jídlo nalezené na Jávě, kde je etnická skupina Baduy."
,,,1101 Clematis has a mass of 5.7 kgs.
,,,"1101 Clematis má hmotnost 5,7 kg."
,,,1101 Clematis has a mass of 5.7 kilograms.
,,,"1101 Clematis má hmotnost 5,7 kilogramu."
,,,"Alex Tyus plays in the Euroleague for the club, Maccabi Tel Aviv B.C."
,,,Alex Tyus hraje Euroligu za klub Maccabi Tel Aviv B.C.
,,,"Alex Tyus, now in the Euroleague, played for Maccabi Tel Aviv B.C."
,,,"Alex Tyus, nyní v Eurolize, hrál za Maccabi Tel Aviv B.C."
,,,"Alex Tyus, who played for Maccabi Tel Aviv B.C., plays in the Euroleague."
,,,"Alex Tyus, který hrál za Maccabi Tel Aviv B.C., hraje Euroligu."
,,,Jack Kirby is an American.
,,,Jack Kirby je Američan.
,,,Jack Kirby's nationality is American.
,,,Národnost Jacka Kirbyho je americká.
,,,Jack Kirby was an American.
,,,Jack Kirby byl Američan.
,,,"Akeem Ayers, who was born in 1989, made his debut for the Tennessee Titans and has also played for the New England Patriots."
,,,"Akeem Ayers, který se narodil v roce 1989, debutoval za Tennessee Titans a hrál také za New England Patriots."
,,,Akeem Ayers was born in 1989 and made his debut with the Tennessee Titans and has also played for the New England Patriots.
,,,Akeem Ayers se narodil v roce 1989 a debutoval v Tennessee Titans a hrál také za New England Patriots.
,,,"Asam pedas is a food found in Malaysia, of which the capital city is Putrajaya."
,,,"Asam pedas je jídlo, které se nachází v Malajsii, jejímž hlavním městem je Putrajaya."
,,,Putrajaya is the capital of Malaysia where Asam pedas is one of the foods.
,,,"Putrajaya je hlavní město Malajsie, kde je Asam pedas jednou z potravin."
,,,Asam pedas is a food found in Malaysia whose capital is Putrajaya.
,,,"Asam pedas je potravina vyskytující se v Malajsii, jejímž hlavním městem je Putrajaya."
,,,"The AIDAluna has a length of 252000.0 millimetres and a its ship beam length is 32.2. AIDAluna service was started on the 22nd of March, 2009."
,,,"AIDAluna má délku 252000,0 milimetrů a délku lodního nosníku 32,2. Provoz AIDAluny byl zahájen 22. března 2009."
,,,"Started its service on the 22nd March, 2009, the AIDAluna is 252000.0 millimetres long and has a beam of 32.2m."
,,,"Svůj provoz zahájila 22. března 2009, AIDAluna je dlouhá 252000,0 milimetrů a má nosnost 32,2 m."
,,,"The service of the AIDAluna began March 22, 2009. The AIDAluna is 252 m long and its beam is 32.2 m. long."
,,,"Služba AIDAluny začala 22. března 2009. AIDAluna je dlouhá 252 m a její trám je dlouhý 32,2 m."
,,,"Kent (United Kingdom) born Adam Holloway is in the Conservative Party (UK), and is a graduate of Magdalene College, Cambridge."
,,,Kent (Spojené království) rozený Adam Holloway je členem Konzervativní strany (UK) a je absolventem Magdalene College v Cambridge.
,,,"Magdalene College Cambridge alum and Tory member Adam Holloway, was born in Kent, United Kingdom."
,,,Absolvent Magdalene College Cambridge a člen Tory Adam Holloway se narodil v Kentu ve Spojeném království.
,,,Alex Day performs Synthpop music which is a form of pop music derived from house music.
,,,"Alex Day zpívá hudbu Synthpop, která je formou pop music odvozenou od house music."
,,,"Alex Day uses the Synthpop genre, which gets it stylistic origins from pop music. It is derived from house music."
,,,"Alex Day používá žánr Synthpop, který mu dává stylistický původ z pop music. Je odvozen od house music."
,,,"Alex Day performs Synthpop music, a form of House music, which has its stylistic origins in pop music."
,,,"Alex Day hraje Synthpop music, což je forma House music, která má svůj stylistický původ v pop music."
,,,Joseph Stalin was a commander in World War II.
,,,Josef Stalin byl velitelem ve druhé světové válce.
,,,A commander in World War II was Joseph Stalin.
,,,Velitelem ve druhé světové válce byl Josef Stalin.
,,,"Andrew White, a musician signed to the record label B-Unique Records, plays for the band Kaiser Chiefs and is associated with the musical artist Marry Banilow."
,,,"Andrew White, hudebník, který podepsal smlouvu s nahrávacím vydavatelstvím B-Unique Records, hraje v kapele Kaiser Chiefs a je spojován s hudební umělkyní Marry Banilow."
,,,"Kaiser Chiefs band member, musician Andrew White, is signed to the record label B-Unique Records andis associated with the musical artist, Marry Banilow."
,,,"Člen kapely Kaiser Chiefs, hudebník Andrew White, je podepsán pod nahrávací společností B-Unique Records a je spojen s hudební umělkyní Marry Banilow."
,,,Andrew White is signed with B-Unique Records and is associated with Marry Banilow. and the Kaiser Chiefs.
,,,Andrew White je podepsán s B-Unique Records a je spojován s Marry Banilow. a Kaiser Chiefs.
,,,"With a runway length of 3800 metres, Athens International Airport is in Spata, and serves the city of Athens."
,,,Mezinárodní letiště v Aténách se svou ranvejí o délce 3800 metrů se nachází ve Spatě a obsluhuje město Atény.
,,,Athens International Airport serves Athens but is actually located in Spata. Its runway length is 3800.
,,,"Aténské mezinárodní letiště obsluhuje Atény, ale ve skutečnosti se nachází ve Spatě. Délka jeho dráhy je 3800."
,,,"Athens International Airport located in Spata, serves the city of Athens. Its runway length is 3,800."
,,,"Mezinárodní letiště v Aténách, které se nachází ve Spatě, obsluhuje město Atény. Délka jeho přistávací dráhy je 3 800."
,,,Abradab was born in Poland and one of the country's ethnic groups is Kashubians.
,,,Abradab se narodil v Polsku a jednou z etnických skupin v zemi jsou Kašubové.
,,,The birth place of Abradab is Poland where Kashubians are an ethnic group.
,,,"Rodným místem Abradabu je Polsko, kde jsou Kašubové etnickou skupinou."
,,,Abradab was born in Poland where Kashubians are an ethnic group.
,,,"Abradab se narodil v Polsku, kde jsou Kašubové etnickou skupinou."
,,,"Adolfo Suarez Madrid-Barajas airport, which is operated by ENAIRE, is located at Madrid, Paracuellos de Jarama, San Sebastián de los Reyes and Alcobendas. The airport is 610 metres above sea level, has a runway name of 14R/32L and a length of 3500."
,,,"Letiště Adolfo Suarez Madrid-Barajas, které provozuje společnost ENAIRE, se nachází v Madridu, Paracuellos de Jarama, San Sebastián de los Reyes a Alcobendas. Letiště leží 610 metrů nad mořem, má dráhu s názvem 14R/32L a délku 3500."
,,,"Adolfo Suárez Madrid-Barajas Airport is locaed in Madrid, Paracuellos de Jarama, San Sebastian de los Reyes and Alcobendas. The airport has an elevation 610.0 meters above sea level and operated by ENAIRE. The airport has a runway called 14R/32L and is 3,500 long."
,,,"Letiště Adolfo Suárez Madrid-Barajas je locaed v Madridu, Paracuellos de Jarama, San Sebastian de los Reyes a Alcobendas. Letiště má nadmořskou výšku 610,0 metrů nad mořem a provozuje ho společnost ENAIRE. Letiště má přistávací dráhu 14R/32L a je dlouhé 3500 metrů."
,,,Duncan Rouleau and Steven T. Seagle created Baymax.
,,,Duncan Rouleau a Steven T. Seagle vytvořili Baymax.
,,,Baymax was created by Duncan Rouleau and Steven T. Seagle.
,,,Baymax vytvořili Duncan Rouleau a Steven T.
,,,Baymax was created by both Duncan Rouleau and Steven T. Seagle.
,,,Baymax vytvořili Duncan Rouleau a Steven T.
,,,"Jean-Michel Aulas owns the Olympique Lyonnais FC out of the Parc Olympique Lyonnais stadium, where Aleksandre Gurul is a member. Aleksandre Guruli also played for the FC Dinamo Batumi of which Levan Khomeriki is the manager."
,,,"Jean-Michel Aulas vlastní klub Olympique Lyonnais FC ze stadionu Parc Olympique Lyonnais, jehož členem je Aleksandre Gurul. Aleksandre Guruli hrál také za FC Dinamo Batumi, jehož manažerem je Levan Chomeriki."
,,,"Footballer, Aleksandre Guruli plays for FC Dinamo Batumi whose manager is Levan Khomeriki. He plays also for the Olympique Lyonnais club whose owner is Jean-Michel Aulas and whose home ground is the Parc Olympique Lyonnais."
,,,"Fotbalista Aleksandre Guruli hraje za FC Dinamo Batumi, jehož manažerem je Levan Chomeriki. Hraje také za klub Olympique Lyonnais, jehož majitelem je Jean-Michel Aulas a jehož domovským hřištěm je Parc Olympique Lyonnais."
,,,Aleksandre Guruli played for the Olympique Lyonnais club who are owned by Jean-Michel Aulas and play their home games at the Parc Olympique Lyonnais. He also played for FC Dinamo Batumi who are managed by Levan Khomeriki.
,,,"Aleksandre Guruli hrál za klub Olympique Lyonnais, který vlastní Jean-Michel Aulas a své domácí zápasy hraje v Parc Olympique Lyonnais. Hrál také za FC Dinamo Batumi, které vede Levan Chomeriki."
,,,"Ahmet Ertegun was born 1923, in Washington D.C., the United States and was a Rock and roll performer who had a background as a non performing personnel."
,,,"Ahmet Ertegun se narodil v roce 1923 ve Washingtonu D.C. ve Spojených státech a byl rokenrolovým umělcem, který měl zázemí jako nevýkonný personál."
,,,Ahmet Ertegun was born 1923 and is from the United States. Washington D.C. is the origin of Ahmet Ertegun whohas a background as a non performing personnel. Ahmet Ertegun performs rock and roll music.
,,,"Ahmet Ertegun se narodil v roce 1923 a pochází ze Spojených států. Washington D.C. je původem Ahmeta Erteguna,který má zázemí jako nevýkonný personál. Ahmet Ertegun hraje rock and rollovou hudbu."
,,,Ahmet Ertegun originates from Washington D.C. (United States) and was born 1923. Ahmet Ertegun performs rock and roll music and his background is non performing personnel.
,,,Ahmet Ertegun pochází z Washingtonu D.C. (Spojené státy) a narodil se v roce 1923. Ahmet Ertegun hraje rock and rollovou hudbu a jeho zázemím je nevýkonný personál.
,,,"Footballer Stuart Parker plays for KV Mechelen and is the manager of A.F.C. Blackpool whose ground is in Blackpool, where the leader is the Conservative Party (UK)."
,,,"Fotbalista Stuart Parker hraje za KV Mechelen a je manažerem A.F.C. Blackpool, jehož působiště je v Blackpoolu, kde je lídrem Konzervativní strana (UK)."
,,,Blackpool based club AFC Blackpool is managed by Stuart Parker who is part of the KV Mechelen club. The town is led by the Conservative Party UK.
,,,"Klub založený v Blackpoolu AFC Blackpool řídí Stuart Parker, který je součástí klubu KV Mechelen. Město vede Konzervativní strana UK."
,,,The apoapsis for (15788) 1993 SB is 7715100000.0 (kilometres).
,,,Apoapse pro (15788) 1993 SB je 7715100000.0 (km).
,,,15788 1993 SB has an apoapsis of 7715100000 kilometres.
,,,15788 1993 SB má apoapsis 7715100000 kilometrů.
,,,Bakso is a traditional dish found in the whole of Indonesia and is popular in neighbouring Southeast Asian countries too. Jakarta is the capital of Indonesia and the leader is Jusuf Kalla.
,,,"Bakso je tradiční pokrm, který se vyskytuje v celé Indonésii a je populární i v sousedních zemích jihovýchodní Asie. Jakarta je hlavním městem Indonésie a lídrem je Jusuf Kalla."
,,,"Bakso is an Indonesian dish, popular all over the country and also a favourite in other Southeastern Asian nations. Indonesia's leader is Jusuf Kalla and the capital city is Jakarta."
,,,"Bakso je indonéské jídlo, oblíbené po celé zemi a oblíbené i v dalších státech jihovýchodní Asie. Lídrem Indonésie je Jusuf Kalla a hlavním městem je Jakarta."
,,,"Adam Holloway was in the Grenadier Guards, in the military, he began his career on 5th May 2005 and fought in the Gulf War. John Major was a commander in the Gulf War."
,,,"Adam Holloway byl u granátníků, v armádě, svou kariéru zahájil 5. května 2005 a bojoval ve válce v Perském zálivu. John Major byl velitelem ve válce v Perském zálivu."
,,,"Adam Holloway began his career on May 5th 2005, served in the Grenadier Guards, and was involved in Gulf War battles. John Major was a commander during the Gulf War."
,,,"Adam Holloway začal svou kariéru 5. května 2005, sloužil u granátníků a účastnil se bojů války v Perském zálivu. John Major byl velitelem během války v Perském zálivu."
,,,"Adam Holloway, who served in the Grenadier Guards and was involved in the Gulf War, began his political career on 5th May 2005. John Major was a commander in the Gulf War."
,,,"Adam Holloway, který sloužil u granátníků a účastnil se války v Perském zálivu, zahájil svou politickou kariéru 5. května 2005. John Major byl velitelem ve válce v Perském zálivu."
,,,The leader of Blackpool is the Conservative Party (UK).
,,,Vůdcem Blackpoolu je Konzervativní strana (UK).
,,,"Born in Dothan, Alabama, in 1981, and originally a solo singer, Allen Forrest plays pop music."
,,,Narodil se v Dothanu v Alabamě v roce 1981 a původně byl sólovým zpěvákem.
,,,"Pop artist, Allen Forrest, originally a solo singer, was born in Dothan, Alabama, in 1981."
,,,"Popový umělec Allen Forrest, původně sólový zpěvák, se narodil v Dothanu v Alabamě v roce 1981."
,,,"Allen Forrest was born in 1981, in Dothan, Alabama. Originally a solo singer, Allen Forrest plays pop music."
,,,"Allen Forrest se narodil v roce 1981 v Dothanu v Alabamě. Původně sólový zpěvák, Allen Forrest hraje pop music."
,,,"Salem is the capital of Oregon, the state where Albany is located, in the United States. The country where Americans live and where African Americans are one of the ethnic groups."
,,,"Salem je hlavní město Oregonu, státu, kde se nachází Albany, ve Spojených státech. Země, kde žijí Američané a kde jsou Afroameričané jednou z etnických skupin."
,,,"Albany is a city in Oregon, the capital of which is Salem. Albany, Oregon is located within the United States, where the inhabitants are called Americans, and where African Americans are one of the ethnic groups."
,,,"Albany je město v Oregonu, jehož hlavním městem je Salem. Albany v Oregonu se nachází ve Spojených státech, kde se jeho obyvatelům říká Američané a kde jsou Afroameričané jednou z etnických skupin."
,,,T S Thakur is the leader of India; also the location of Amdavad ni Gufa.
,,,T S Thakur je vůdce Indie; také umístění Amdavad ni Gufa.