,,,127,deepl,,překlad ok,celkem vět,podíl ok
adequacy,fluency,5,,,,89,127,"0,7007874016"
,,,RDF triples:  ['Alfredo_Zitarrosa | genre | Candombe'],,,,,
,,,Lexicalisation: Alfredo Zitarrosa's musical genre is Candombe.,,,,,
5,5,a,Translation:  Hudebním žánrem Alfreda Zitarrosy je Candombe.,,,,,
,,,Lexicalisation: The musical genre of Alfredo Zitarrosa is Candombe.,,,,,
5,5,a,Translation:  Hudebním žánrem Alfreda Zitarrosy je candombe.,,,,,
,,,"RDF triples:  ['Alcobendas | isPartOf | Community_of_Madrid', 'Adolfo_Suárez_Madrid–Barajas_Airport | location | Alcobendas', 'ENAIRE | city | Madrid', 'Madrid | country | Spain', 'Adolfo_Suárez_Madrid–Barajas_Airport | operatingOrganisation | ENAIRE']",,,,,
,,,"Lexicalisation: ENAIRE, in the city of Madrid, is the operator of Adolfo Suarez Madrid-Barajas airport in Alcobendas, part of the community of Madrid in Spain.",,,,,
4,5,c,"Translation:  Společnost ENAIRE se sídlem v Madridu je provozovatelem letiště Adolfo Suarez Madrid-Barajas v Alcobendas, které je součástí španělské obce Madrid.",,,,,
,,,"Lexicalisation: Adolfo Suárez Madrid–Barajas Airport, is located in Alcobendas, Madrid, Spain. ENAIRE is based in the city and is the operating organization for the airport.",,,,,
5,5,a,"Translation:  Letiště Adolfa Suáreze Madrid-Barajas se nachází ve městě Alcobendas v Madridu ve Španělsku. Ve městě sídlí společnost ENAIRE, která letiště provozuje.",,,,,
,,,"RDF triples:  ['United_States | ethnicGroup | African_Americans', 'United_States | leader | Barack_Obama', 'A_Wizard_of_Mars | language | English_language', 'English_language | spokenIn | Great_Britain', 'A_Wizard_of_Mars | country | United_States']",,,,,
,,,Lexicalisation: A Wizard of Mars originates from the United States where Barack Obama is the leader and African Americans are an ethnic Group. The book is written in English which is a language spoken in Great Britain.,,,,,
5,4,c,"Translation:  Čaroděj z Marsu pochází ze Spojených států, kde je vůdcem Barack Obama a Afroameričané jsou etnickou skupinou. Kniha je napsána v angličtině, což je jazyk, kterým se mluví ve Velké Británii.",,,,,
,,,Lexicalisation: A Wizard of Mars is written in English which is also a language spoken in Great Britain. The book originates from the United States where African Americans are one ethnic group and Barack Obama is the leader.,,,,,
3,5,c,"Translation:  Čaroděj z Marsu je napsán v angličtině, což je jazyk, kterým se mluví i ve Velké Británii. Kniha pochází ze Spojených států, kde Afroameričané tvoří jednu etnickou skupinu a Barack Obama je jejím vůdcem.",,,,,
,,,"RDF triples:  ['Alex_Day | associatedBand/associatedMusicalArtist | Chameleon_Circuit_(band)', 'Alex_Day | genre | Electronic_music', 'Alex_Day | associatedBand/associatedMusicalArtist | Charlie_McDonnell']",,,,,
,,,"Lexicalisation: Alex Day performs electronic music, plays with the band Chameleon Circuit and is associated with the musical artist, Charlie McDonnell.",,,,,
5,5,a,"Translation:  Alex Day se věnuje elektronické hudbě, hraje s kapelou Chameleon Circuit a je spojen s hudebním umělcem Charliem McDonnellem.",,,,,
,,,"Lexicalisation: Electronic musician Alex Day is part of Chameleon Circuit and associated with artist, Charlie McDonnell.",,,,,
5,4,c,Translation:  Elektronický hudebník Alex Day je součástí skupiny Chameleon Circuit a je spojen s umělcem Charliem McDonnellem.,,,,,
,,,"Lexicalisation: Alex Day, whose musical genre is Electronic music, plays with the band Chameleon Circuit and is associated with the musical artist Charlie McDonnell.",,,,,
5,5,a,"Translation:  Alex Day, jehož hudebním žánrem je elektronická hudba, hraje se skupinou Chameleon Circuit a je spojován s hudebním umělcem Charliem McDonnellem.",,,,,
,,,"RDF triples:  ['Hypermarcas | product | Cosmetics', 'Hypermarcas | revenue | 1800000000']",,,,,
,,,"Lexicalisation: Hypermarcas is a company which sells cosmetics; their revenue is $1,800,000,000.",,,,,
5,5,a,"Translation:  Hypermarcas je společnost, která prodává kosmetiku; její tržby činí 1 800 000 000 USD.",,,,,
,,,"Lexicalisation: Hypermarcas makes $1,800,000,000 a year, in part from its production of cosmetics products.",,,,,
5,5,a,"Translation:  Společnost Hypermarcas vydělává ročně 1 800 000 000 USD, částečně díky výrobě kosmetických výrobků.",,,,,
,,,Lexicalisation: Hypermarcas earns 1800000000 annually by selling cosmetics.,,,,,
5,5,a,Translation:  Společnost Hypermarcas vydělá prodejem kosmetiky 1800000000 ročně.,,,,,
,,,"RDF triples:  ['(410777)_2009_FD | discoverer | Spacewatch', '(410777)_2009_FD | periapsis | 88234300000.0', '(410777)_2009_FD | apoapsis | 259776702.47055 (kilometres)']",,,,,
,,,"Lexicalisation: Discovered by Spacewatch, (410777) 2009 FD, has an apoapsis of 259776702.47055 kilometers, and an periapsis of, 88234300000.0.",,,,,
5,3,c,"Translation:  Objev Spacewatch, (410777) 2009 FD, má apoapsii 259776702,47055 km a periapsii 88234300000,0.",,,,,
,,,"Lexicalisation: (410777) 2009 FD, with the periapsis of 88234300000.0 and an apoapsis of 259776702.47055 km, was discovered by Spacewatch.",,,,,
5,5,a,Translation:  (410777) 2009 FD s periapsidou 88234300000.0 a apoapsidou 259776702.47055 km byla objevena organizací Spacewatch.,,,,,
,,,RDF triples:  ['United_States | ethnicGroup | Asian_Americans'],,,,,
,,,"Lexicalisation: One of the ethnic groups in the United States, is Asian Americans.",,,,,
5,5,a,Translation:  Jednou z etnických skupin ve Spojených státech jsou Američané asijského původu.,,,,,
,,,Lexicalisation: Asian Americans are an ethnic group in the U.S.,,,,,
5,5,a,Translation:  Američané asijského původu jsou v USA etnickou skupinou.,,,,,
,,,Lexicalisation: The Asian Americans are an ethnic group of the United States.,,,,,
5,5,a,Translation:  Američané asijského původu jsou etnickou skupinou Spojených států.,,,,,
,,,"RDF triples:  ['Abraham_A._Ribicoff | party | Democratic_Party_(United_States)', 'Abraham_A._Ribicoff | deathPlace | New_York_City', 'Abraham_A._Ribicoff | birthPlace | United_States', 'Abraham_A._Ribicoff | nationality | American', 'Abraham_A._Ribicoff | office | ""Governor of Connecticut""']",,,,,
,,,Lexicalisation: American Abraham A. Ribicoff was a member of the Democratic Party in the United States. He was the Governor of Connecticut and died in New York City.,,,,,
5,5,a,Translation:  Američan Abraham A. Ribicoff byl členem Demokratické strany ve Spojených státech. Byl guvernérem státu Connecticut a zemřel v New Yorku.,,,,,
,,,Lexicalisation: Abraham A. Ribicoff was born in the U.S and was a United States national. He was a member of the United States Democratic party and served as the governor of Connecticut before he died in New York city.,,,,,
5,5,a,Translation:  Abraham A. Ribicoff se narodil v USA a byl státním příslušníkem Spojených států. Byl členem Demokratické strany Spojených států a před svou smrtí v New Yorku zastával funkci guvernéra státu Connecticut.,,,,,
,,,"Lexicalisation: An American National, Abraham A Ribicoff was born in the United States and passed away in New York City. Abraham A. Ribicoff was a member of the Democratic Party in the United States and worked as Governor of Connecticut.",,,,,
5,5,a,Translation:  Americký občan Abraham A. Ribicoff se narodil ve Spojených státech a zemřel v New Yorku. Abraham A. Ribicoff byl členem Demokratické strany ve Spojených státech a působil jako guvernér státu Connecticut.,,,,,
,,,"RDF triples:  ['Addiction_(journal) | publisher | Wiley-Blackwell', 'Addiction_(journal) | issnNumber | ""0965-2140""', 'Addiction_(journal) | LCCN_number | 93645978', 'Addiction_(journal) | abbreviation | ""Addiction""']",,,,,
,,,"Lexicalisation: Addiction journal (abbreviated to Addiction) is published by Wiley-Blackwell. It has the ISSN number 0965-2140, and the LCCN number 93645978.",,,,,
5,5,a,Translation:  Časopis Addiction (zkráceně Addiction) vydává nakladatelství Wiley-Blackwell. Má číslo ISSN 0965-2140 a číslo LCCN 93645978.,,,,,
,,,"Lexicalisation: Wiley-Blackwell is the publisher of Addiction (journal), known as Addiction, ISSN number of 0965-2140 and LCCN number 93645978.",,,,,
5,5,a,"Translation:  Společnost Wiley-Blackwell je vydavatelem časopisu Addiction, známého pod názvem Addiction, číslo ISSN 0965-2140 a číslo LCCN 93645978.",,,,,
,,,Lexicalisation: The Addiction journal (abbreviated to Addiction) was published by Wiley-Blackwell. It has an ISSN number of 0965-2140 and an LCCN number of 93645978.,,,,,
,,,Translation:  Časopis Addiction (zkráceně Addiction) vydávalo nakladatelství Wiley-Blackwell. Jeho číslo ISSN je 0965-2140 a číslo LCCN 93645978.,,,,,
,,,"RDF triples:  ['Athens_International_Airport | cityServed | Athens', 'Athens | country | Greece', 'Greece | language | Greek_language', 'Greece | leader | Nikos_Voutsis', 'Greece | leader | Prokopis_Pavlopoulos']",,,,,
,,,Lexicalisation: The Athens International Airport serves the city of Athens in Greece. The leaders of Greece are Nikos Voutsis and Prokopis Pavlopoulos. Greek is spoken in that country.,,,,,
5,4,c,Translation:  Aténské mezinárodní letiště slouží městu Atény v Řecku. Vedoucími představiteli Řecka jsou Nikos Voutsis a Prokopis Pavlopoulos. V této zemi se mluví řecky.,,,,,
,,,"Lexicalisation: Athens International Airport serves the city of Athens, Greece. Two leaders there are Nikos Voutsis and Prokopis Pavlopoulos. Greek is the language of Greece.",,,,,
5,4,c,Translation:  Mezinárodní letiště Atény slouží městu Atény v Řecku. Dva vedoucí představitelé jsou Nikos Voutsis a Prokopis Pavlopoulos. V Řecku se mluví řecky.,,,,,
,,,"RDF triples:  ['India | largestCity | Mumbai', 'AWH_Engineering_College | country | India', 'AWH_Engineering_College | state | Kerala', 'AWH_Engineering_College | city | ""Kuttikkattoor""']",,,,,
,,,"Lexicalisation: The AWH Engineering College is located in Kuttikkattoor, Kerala, India. Mumbai is the largest city in India.",,,,,
5,3,c,"Translation:  AWH Engineering College se nachází ve městě Kuttikkattoor, Kerala, Indie. Bombaj je největší město v Indii.",,,,,
,,,"Lexicalisation: The AWH Engineering College is located in the city of Kuttikkattoor in the state of Kerala, India. The largest city in India is Mumbai.",,,,,
5,5,a,Translation:  AWH Engineering College se nachází ve městě Kuttikkattoor ve státě Kerala v Indii. Největším městem v Indii je Bombaj.,,,,,
,,,RDF triples:  ['Bandeja_paisa | ingredient | Fried_egg'],,,,,
,,,Lexicalisation: Fried egg is an ingredient of Bandeja paisa.,,,,,
3,5,c,Translation:  Smažená vejce jsou součástí Bandeja paisa.,,,,,
,,,Lexicalisation: Fried egg is one of the ingredients of Bandeja paisa.,,,,,
3,5,c,Translation:  Smažená vejce jsou jednou z ingrediencí Bandeja paisa.,,,,,
,,,Lexicalisation: Fried egg is an ingredient in bandeja paisa.,,,,,
3,5,c,Translation:  Smažená vejce jsou součástí bandeja paisa.,,,,,
,,,RDF triples:  ['Andra_(singer) | genre | Dance-pop'],,,,,
,,,Lexicalisation: The musical genre of the singer Andra is dance pop.,,,,,
5,5,a,Translation:  Hudebním žánrem zpěvačky Andry je taneční pop.,,,,,
,,,Lexicalisation: Andra is a singer and her music genre is Dance-pop.,,,,,
5,5,a,Translation:  Andra je zpěvačka a její hudební žánr je dance-pop.,,,,,
,,,Lexicalisation: Andra is a singer of Dance-pop music.,,,,,
5,5,a,Translation:  Andra je zpěvačka tanečně-popové hudby.,,,,,
,,,"RDF triples:  ['Ardmore_Airport_(New_Zealand) | runwayLength | 597.0', 'Ardmore_Airport_(New_Zealand) | 3rdRunwaySurfaceType | Poaceae', 'Ardmore_Airport_(New_Zealand) | elevationAboveTheSeaLevel | 34.0', 'Ardmore_Airport_(New_Zealand) | runwayName | ""03L/21R""']",,,,,
,,,Lexicalisation: New Zealand's Adrmore Airport has a runway length of 597 metres and is 34 meters above sea level. Its 3rd runway surface is consists of Poaceae and its runway name is 03L/21R.,,,,,
,,,Translation:  Novozélandské letiště Adrmore má dráhu dlouhou 597 metrů a leží 34 metrů nad mořem. Jeho třetí dráha má povrch z Poaceae a její název je 03L/21R.,,,,,
,,,Lexicalisation: Ardmore Airport (New Zealand) is 34 meters above sea level. Its 3rd runway has the surface type of poaceae and is 597.0 in length with the name 03L/21R.,,,,,
,,,"Translation:  Letiště Ardmore (Nový Zéland) se nachází 34 metrů nad mořem. Jeho třetí vzletová a přistávací dráha má typ povrchu poaceae a délku 597,0 s názvem 03L/21R.",,,,,
,,,Lexicalisation: Ardmore Airport in New Zealand is 34 metres above sea level and has a 3rd runway made of poaceae. The runway name is 03L/21R and it has a length of 597.0.,,,,,
,,,"Translation:  Letiště Ardmore na Novém Zélandu leží v nadmořské výšce 34 metrů nad mořem a jeho třetí vzletová a přistávací dráha je tvořena poaceae. Dráha se jmenuje 03L/21R a má délku 597,0.",,,,,
,,,"RDF triples:  ['A.S._Gubbio_1910 | ground | Italy', 'A.S._Gubbio_1910 | numberOfMembers | 5300']",,,,,
,,,Lexicalisation: A.S. Gubbio 1910 has 5300 members and their ground is located in Italy.,,,,,
5,5,a,Translation:  A.S. Gubbio 1910 má 5300 členů a jeho základna se nachází v Itálii.,,,,,
,,,Lexicalisation: A.S. Gubbio 1910 in Italy has 5300 members.,,,,,
5,5,a,Translation:  A.S. Gubbio 1910 v Itálii má 5300 členů.,,,,,
,,,"Lexicalisation: The ground of A.S. Gubbio 1910 is located in Italy, the team have 5300 members.",,,,,
5,5,a,"Translation:  Základna A.S. Gubbio 1910 se nachází v Itálii, tým má 5300 členů.",,,,,
,,,"RDF triples:  ['A.C._Cesena | league | Serie_B', 'Serie_B | champions | Carpi_F.C._1909', 'A.C._Cesena | ground | Italy']",,,,,
,,,Lexicalisation: AC Cesena play in the Serie B league which has been won by Carpi F.C. 1909 in the past. Their ground is located in Italy.,,,,,
5,5,a,"Translation:  AC Cesena hraje Serii B, kterou v minulosti vyhrál tým Carpi F.C. 1909. Jejich hřiště se nachází v Itálii.",,,,,
,,,Lexicalisation: A.C. Cesena's ground is located in Italy and they are part of the Serie B league which was previously won by Carpi FC 1909.,,,,,
5,4,c,"Translation:  A.C. Cesena působí v Itálii a je součástí Serie B, kterou v minulosti vyhrál Carpi FC 1909.",,,,,
,,,"Lexicalisation: AC Cesena, whose ground is located in Italy, are in the Serie B league. Carpi FC 1909 are previous champions of Serie B.",,,,,
5,4,c,"Translation:  AC Cesena, jejíž hřiště se nachází v Itálii, působí v Serii B. Carpi FC 1909 je předchozím mistrem Serie B.",,,,,
,,,"RDF triples:  ['AZ_Alkmaar | manager | John_van_den_Brom', 'John_van_den_Brom | club | AFC_Ajax', 'John_van_den_Brom | club | Vitesse_Arnhem', 'AZ_Alkmaar | owner | Max_Huiberts']",,,,,
,,,Lexicalisation: John van den Brom is in Vitesse Arnhem and plays for AFC Ajax. He has also been manager for AZ Alkmaar which is owned by Max Huiberts.,,,,,
5,4,c,"Translation:  John van den Brom hraje v týmu Vitesse Arnhem, hraje za AFC Ajax. Působil také jako manažer v klubu AZ Alkmaar, který vlastní Max Huiberts.",,,,,
,,,Lexicalisation: John van den Brom plays for Vitesse Arnhem. He also plays for AFC Ajax and manages AZ Alkmaar which is owned by Max Huiberts.,,,,,
5,5,a,"Translation:  John van den Brom hraje v týmu Vitesse Arnhem. Hraje také za AFC Ajax a vede AZ Alkmaar, který vlastní Max Huiberts.",,,,,
,,,"Lexicalisation: The manager of AZ Alkmaar, owned by Max Huiberts, is John van den Brom who plays for AFC Ajax and Vitesse Arnhem.",,,,,
3,5,c,"Translation:  Manažerem klubu AZ Alkmaar, který vlastní Max Huiberts, je John van den Brom, který hrával za AFC Ajax a Vitesse Arnhem.",,,,,
,,,RDF triples:  ['Aaron_Bertram | associatedBand/associatedMusicalArtist | Suburban_Legends'],,,,,
,,,Lexicalisation: Aaron Bertram plays for the Suburban Legends band.,,,,,
5,5,a,Translation:  Aaron Bertram hraje v kapele Suburban Legends.,,,,,
,,,"RDF triples:  ['Abraham_A._Ribicoff | spouse | Casey_Ribicoff', 'Abraham_A._Ribicoff | deathPlace | United_States', 'Abraham_A._Ribicoff | birthPlace | New_Britain,_Connecticut', 'Abraham_A._Ribicoff | nationality | American', 'United_States | ethnicGroup | African_Americans']",,,,,
,,,"Lexicalisation: Abraham A Ribicoff was born in New Britain, Connecticut and died in his native land. He was married to Casey Ribicoff and African Americans are among the ethnic groups in the country.",,,,,
5,5,a,Translation:  Abraham A Ribicoff se narodil v New Britain ve státě Connecticut a zemřel ve svém rodišti. Jeho manželkou byla Casey Ribicoffová a mezi etnické skupiny v zemi patří Afroameričané.,,,,,
,,,"Lexicalisation: Abraham A Ribicoff is from the United States, born in New Britain, Connecticut. Casey Ribicoff was the spouse of Abraham A. Ribicoff, who died in the United States, the country where one of the ethnic groups is, African Americans.",,,,,
5,3,c,"Translation:  Abraham A Ribicoff pochází ze Spojených států amerických, narodil se v New Britain ve státě Connecticut. Casey Ribicoffová byla manželkou Abrahama A. Ribicoffa, který zemřel ve Spojených státech, v zemi, kde je jednou z etnických skupin, Afroameričanů.",,,,,
,,,"Lexicalisation: African Americans are an ethnic group of the United States, where one of the nationals is Abraham A. Ribicoff. He, born in New Britain, Connecticut, was married to Casey Ribicoff, and died in the United States.",,,,,
3,5,c,"Translation:  Afroameričané jsou etnickou skupinou Spojených států, jejíž příslušník je Abraham A. Ribicoff. Narodil se v New Britain ve státě Connecticut, byl ženatý s Casey Ribicoffovou a zemřel ve Spojených státech.",,,,,
,,,"RDF triples:  ['Acharya_Institute_of_Technology | city | Bangalore', 'Acharya_Institute_of_Technology | established | 2000', 'Acharya_Institute_of_Technology | country | ""India""', 'Acharya_Institute_of_Technology | campus | ""In Soldevanahalli, Acharya Dr. Sarvapalli Radhakrishnan Road, Hessarghatta Main Road, Bangalore – 560090.""', 'Acharya_Institute_of_Technology | affiliation | Visvesvaraya_Technological_University']",,,,,
,,,"Lexicalisation: The Acharya Institute of Technology's campus in Soldevanahalli, Acharya Dr. Sarvapalli Radhakrishnan Road, Hessarghatta Main Road, Bangalore - 560090, India is affiliated to the Visvesvaraya Technological University. It was established in 2000.",,,,,
5,3,c,"Translation:  Kampus Acharya Institute of Technology v Soldevanahalli, Acharya Dr. Sarvapalli Radhakrishnan Road, Hessarghatta Main Road, Bangalore - 560090, Indie je přidružený k Visvesvaraya Technological University. Byla založena v roce 2000.",,,,,
,,,"Lexicalisation: The Acharya Institute of Technology in India which is affiliated with the Visvesvaraya Technological University was established in 2000. The campus is located at In Soldevanahalli, Acharya Dr. Sarvapalli Radhakrishnan Road, Hessarghatta Main Road, Bangalore – 560090.",,,,,
5,4,c,"Translation:  Acharya Institute of Technology v Indii, která je spojena s Visvesvaraya Technological University byla založena v roce 2000. Kampus se nachází na adrese In Soldevanahalli, Acharya Dr. Sarvapalli Radhakrishnan Road, Hessarghatta Main Road, Bangalore - 560090.",,,,,
,,,"Lexicalisation: The Acharya Institute of Technology was established in 2000. It is located in Soldevanahalli, Acharya Dr. Sarvapalli Radhakrishnan Road, Hessarghatta Main Road, Bangalore – 560090, India. It is affiliated with the Visvesvaraya Technological University.",,,,,
5,4,c,"Translation:  Technologický institut Acharya byl založen v roce 2000. Nachází se na adrese Soldevanahalli, Acharya Dr. Sarvapalli Radhakrishnan Road, Hessarghatta Main Road, Bangalore - 560090, Indie. Je přidružená k Visvesvaraya Technological University.",,,,,
,,,"RDF triples:  ['Delta_II | launchSite | Cape_Canaveral_Air_Force_Station_Space_Launch_Complex_17', 'Delta_II | launchSite | Cape_Canaveral_Air_Force_Station', 'Antares_(rocket) | comparable | Delta_II', 'Delta_II | countryOrigin | United_States']",,,,,
,,,"Lexicalisation: The Delta II, launched at Cape Canaveral Air Force Station Space Launch Complex 17, originates from the United States and is comparable to the Antares rocket.",,,,,
5,5,a,"Translation:  Raketa Delta II, která startuje z kosmodromu 17 na Cape Canaveral Air Force Station, pochází ze Spojených států a je srovnatelná s raketou Antares.",,,,,
,,,Lexicalisation: The Delta II was launched at the Cape Canaveral Air Force Station at Space Launch Complex 17. The Delta II is from the United States and the rocket Antares is comparable to it.,,,,,
5,5,a,Translation:  Raketa Delta II byla vypuštěna na stanici Cape Canaveral Air Force Station na kosmodromu Space Launch Complex 17. Delta II pochází ze Spojených států a raketa Antares je s ní srovnatelná.,,,,,
,,,"Lexicalisation: The Delta II originated in the United States and was launched at the Cape Canaveral Air Force Station, at Cape Canaveral Air Force Station Space Launch Complex 17. The rocket Antares is comparable to Delta II.",,,,,
5,5,a,Translation:  Raketa Delta II vznikla ve Spojených státech a byla vypuštěna na stanici Cape Canaveral Air Force Station na kosmodromu Cape Canaveral Air Force Station Space Launch Complex 17. Raketa Antares je srovnatelná s Deltou II.,,,,,
,,,RDF triples:  ['ALV_X-1 | diameter | 1.524 (metres)'],,,,,
,,,Lexicalisation: The diameter of the ALV X-1 is 1.524 metres.,,,,,
5,5,a,"Translation:  Průměr ALV X-1 je 1,524 metru.",,,,,
,,,Lexicalisation: The ALV X-1 has a diameter of 1.524 metres.,,,,,
5,5,a,"Translation:  ALV X-1 má průměr 1,524 metru.",,,,,
,,,Lexicalisation: The ALV X-1 diameter is 1.524 metres.,,,,,
5,5,a,"Translation:  Průměr ALV X-1 je 1,524 metru.",,,,,
,,,"RDF triples:  ['Adam_McQuaid | birthPlace | Charlottetown', 'Adam_McQuaid | birthDate | 1986-10-12', 'Adam_McQuaid | weight | 94.8024 (kilograms)', 'Adam_McQuaid | birthYear | 1986']",,,,,
,,,"Lexicalisation: Born in Charlottetown on Oct 12, 1986, Adam McQuaid weighs 94.8024 kilos.",,,,,
5,5,a,"Translation:  Adam McQuaid se narodil 12. října 1986 v Charlottetownu a váží 94,8024 kg.",,,,,
,,,"Lexicalisation: Adam McQuaid was born on the 12th of October 1986, in Charlottetown He now weighs 94.8024 kilograms.",,,,,
5,5,a,"Translation:  Adam McQuaid se narodil 12. října 1986 v Charlottetownu Nyní váží 94,8024 kg.",,,,,
,,,Lexicalisation: Adam McQuaid was born in Charlottetown on 12th October 1986 and wieghs 94.8024kg.,,,,,
5,5,a,"Translation:  Adam McQuaid se narodil 12. října 1986 v Charlottetownu a váží 94,8024 kg.",,,,,
,,,"RDF triples:  ['1_Decembrie_1918_University | latinName | ""Universitas Apulensis""', '1_Decembrie_1918_University | country | Romania']",,,,,
,,,Lexicalisation: The 1 Decembrie 1918 University of Romania has the latin name Universitas Apulensis.,,,,,
5,3,c,Translation:  1 Decembrie 1918 Rumunská univerzita má latinský název Universitas Apulensis.,,,,,
,,,Lexicalisation: 1 Decembrie 1918 University 's latin name is Universitas Apulensis and is located in Romania.,,,,,
5,3,c,Translation:  1 Decembrie 1918 Univerzita 's latinský název je Universitas Apulensis a nachází se v Rumunsku.,,,,,
,,,"RDF triples:  ['Trane | foundingDate | 1913-01-01', 'Trane | foundationPlace | La_Crosse,_Wisconsin', 'Trane | numberOfEmployees | 29000']",,,,,
,,,"Lexicalisation: Trane was founded in 1913-01-01 in La Crosse, Wisconsin and now employs over 29000 people.",,,,,
3,5,c,Translation:  Společnost Trane byla založena v roce 1913 v La Crosse ve Wisconsinu a nyní zaměstnává více než 29 000 lidí.,,,,,
,,,"Lexicalisation: Trane has 29,000 employees and was founded in La Crosse, Wisconsin on 1913-01-01.",,,,,
5,4,c,Translation:  Společnost Trane má 29 000 zaměstnanců a byla založena v La Crosse ve Wisconsinu dne 1913-01-01.,,,,,
,,,"Lexicalisation: Trane was founded on January 1, 1913 in La Crosse, Wisconsin with 29,000 current employees.",,,,,
5,5,a,Translation:  Společnost Trane byla založena 1. ledna 1913 v La Crosse ve Wisconsinu a v současnosti zaměstnává 29 000 lidí.,,,,,
,,,"RDF triples:  ['Bolt_(comicsCharacter) | creator | Ernie_Colón', 'Bolt_(comicsCharacter) | creator | Dan_Mishkin']",,,,,
,,,Lexicalisation: The character Bolt was created by Ernie Colon and Dan Mishkin.,,,,,
5,5,a,Translation:  Postavu Bolta vytvořili Ernie Colon a Dan Mishkin.,,,,,
,,,Lexicalisation: Ernie Colón and Dan Mishkin are among the creators of the comic character Bolt.,,,,,
5,5,a,Translation:  Ernie Colón a Dan Mishkin patří mezi tvůrce komiksové postavy Bolta.,,,,,
,,,Lexicalisation: The comic book character Bolt was created by both Dan Mishkin and Ernie Colon.,,,,,
5,5,a,Translation:  Komiksovou postavu Bolta vytvořili Dan Mishkin a Ernie Colon.,,,,,
,,,RDF triples:  ['United_States | leader | Barack_Obama'],,,,,
,,,Lexicalisation: Barack Obama is a leader of the United States.,,,,,
5,5,a,Translation:  Barack Obama je vůdcem Spojených států.,,,,,
,,,Lexicalisation: Barack Obama is the leader of the United States.,,,,,
5,5,a,Translation:  Barack Obama je vůdcem Spojených států.,,,,,
,,,Lexicalisation: Barack Obama is the leader of United States.,,,,,
5,5,a,Translation:  Barack Obama je vůdcem Spojených států.,,,,,
,,,"RDF triples:  ['AIDS_(journal) | academicDiscipline | HIV', 'AIDS_(journal) | issnNumber | ""1473-5571""']",,,,,
,,,Lexicalisation: AIDS journal has the ISSN number 1473-5571 and comes under the academic discipline HIV.,,,,,
5,5,a,Translation:  Časopis AIDS má číslo ISSN 1473-5571 a spadá pod vědní obor HIV.,,,,,
,,,"Lexicalisation: With an ISSN number of 1473-5571, AIDS journal comes under the academic discipline HIV.",,,,,
5,5,a,Translation:  Časopis AIDS s číslem ISSN 1473-5571 spadá pod vědní obor HIV.,,,,,
,,,Lexicalisation: The academic discipline of AIDS journal (which has the ISSN number 1473-5571) is HIV.,,,,,
5,5,a,Translation:  Vědním oborem časopisu AIDS (číslo ISSN 1473-5571) je HIV.,,,,,
,,,"RDF triples:  ['GMA_New_Media | location | Quezon_City', 'Quezon_City | areaTotal | 165.33']",,,,,
,,,"Lexicalisation: GMA New Media is located in Quezon City, which has a total area of 165.33.",,,,,
5,4,c,"Translation:  Společnost GMA New Media se nachází ve městě Quezon City o celkové rozloze 165,33 km².",,,,,
,,,Lexicalisation: Quezon City has a total area of 165.33. GMA New Media headquarters are located in Quezon City.,,,,,
5,5,a,"Translation:  Quezon City má celkovou rozlohu 165,33. Sídlo společnosti GMA New Media se nachází v Quezon City.",,,,,
,,,"Lexicalisation: GMA New Media is located in the city of Quezon, which has a total area of 165.33.",,,,,
5,5,a,"Translation:  Společnost GMA New Media se nachází ve městě Quezon, které má celkovou rozlohu 165,33 km².",,,,,
,,,"RDF triples:  ['Abdul_Taib_Mahmud | party | ""Barisan Ra\'ayat Jati Sarawak""']",,,,,
,,,"Lexicalisation: Abdul Taib Mahmud is a member of the ""Barisan Ra'ayat Jati Sarawak"" party.",,,,,
5,5,a,Translation:  Abdul Taib Mahmud je členem strany Barisan Ra'ayat Jati Sarawak.,,,,,
,,,Lexicalisation: Abdul Taib Mahmud is a member of Barisan Ra'ayat Jati Sarawak party.,,,,,
5,5,a,Translation:  Abdul Taib Mahmud je členem strany Barisan Ra'ayat Jati Sarawak.,,,,,
,,,"RDF triples:  ['Abradab | genre | Hip_hop_music', 'Hip_hop_music | stylisticOrigin | Funk', 'Abradab | background | ""solo_singer""', 'Hip_hop_music | derivative | Drum_and_bass', 'Hip_hop_music | stylisticOrigin | Disco']",,,,,
,,,"Lexicalisation: Abradab performs hip hop music and has a background as a solo singer. Hip Hop music has origins in Funk and Disco, and Drum and bass derives its sounds from hip hop music.",,,,,
5,5,a,Translation:  Abradab hraje hip hop a má zkušenosti jako sólový zpěvák. Hip hopová hudba má původ ve funku a discu a drum and bass vychází z hip hopu.,,,,,
,,,Lexicalisation: Abradab is a hip hop musician with a background as a solo singer. Hip hop originates from funk and disco and was derived into drum and bass music.,,,,,
5,4,c,Translation:  Abradab je hiphopový hudebník se sólovou kariérou. Hip hop vychází z funku a disca a byl odvozen do drum and bassové hudby.,,,,,
,,,Lexicalisation: Abradab is a Hip hop singer. Hip hop gives itself to Drum and Bass with its own origins in Funk and disco.,,,,,
3,5,c,"Translation:  Abradab je hiphopový zpěvák. Hip hop se odvíjí od drum and bassu, který má svůj původ ve funku a discu.",,,,,
,,,"RDF triples:  ['Trane | foundationPlace | La_Crosse,_Wisconsin']",,,,,
,,,"Lexicalisation: The foundation place of Trane is La Crosse, Wisconsin.",,,,,
5,4,c,Translation:  Místem založení společnosti Trane je město La Crosse ve státě Wisconsin.,,,,,
,,,"Lexicalisation: Trane was founded in La Crosse, Wisconsin.",,,,,
5,5,a,Translation:  Společnost Trane byla založena v La Crosse ve Wisconsinu.,,,,,
,,,"RDF triples:  ['Austin,_Texas | populationDensity | 1296.65 (inhabitants per square kilometre)', 'Austin,_Texas | areaTotal | 703.95 (square kilometres)']",,,,,
,,,"Lexicalisation: The population density of Austin, Texas, is 1296.65 inhabitants per sq km and its area is 703.95 sq. km.",,,,,
5,5,a,"Translation:  Hustota zalidnění texaského Austinu je 1296,65 obyvatel na km² a jeho rozloha činí 703,95 km².",,,,,
,,,"Lexicalisation: Austin, Texas covers an area of 703.95 square kilometres and has 1296.65 inhabitants for each of those sq kilometres.",,,,,
5,5,a,"Translation:  Austin v Texasu má rozlohu 703,95 km² a na každém kilometru čtverečním žije 1296,65 obyvatel.",,,,,
,,,"Lexicalisation: Austin, Texas has a population density of 1296.65 inhabitants per sq km and a total area of 703.95 square kilometres.",,,,,
5,5,a,"Translation:  Austin v Texasu má hustotu zalidnění 1296,65 obyvatel na km² a celkovou rozlohu 703,95 km².",,,,,
,,,"RDF triples:  ['Agremiação_Sportiva_Arapiraquense | league | Campeonato_Brasileiro_Série_C', 'Campeonato_Brasileiro_Série_C | country | Brazil', 'Agremiação_Sportiva_Arapiraquense | manager | Vica']",,,,,
,,,Lexicalisation: Agremiação Sportiva Arapiraquense are managed by Vica and play in the Campeonato Brasileiro Série C league in Brazil.,,,,,
5,5,a,"Translation:  Tým Agremiação Sportiva Arapiraquense, který vede Vica, hraje brazilskou ligu Campeonato Brasileiro Série C.",,,,,
,,,Lexicalisation: Agremiação Sportiva Arapiraquense play in Brazil's Campeonato Brasileiro Série C league and are managed by Vica.,,,,,
5,5,a,Translation:  Agremiação Sportiva Arapiraquense hraje brazilskou ligu Campeonato Brasileiro Série C a jeho manažerem je Vica.,,,,,
,,,"RDF triples:  ['AIP_Advances | abbreviation | ""AIP Adv.""']",,,,,
,,,"Lexicalisation: ""AIP Adv."" is the abbreviation of AIP Advances.",,,,,
5,5,a,"Translation:  ""AIP Adv."" je zkratka pro AIP Advances.",,,,,
,,,Lexicalisation: AIP Advances is abbreviated to AIP Adv.,,,,,
5,5,a,Translation:  AIP Advances se zkracuje na AIP Adv.,,,,,
,,,"RDF triples:  ['American_Civil_War | commander | Jefferson_Davis', 'Battle_of_Salem_Church | isPartOfMilitaryConflict | American_Civil_War', 'Aaron_S._Daggett | battle | Battle_of_Salem_Church']",,,,,
,,,"Lexicalisation: Aaron S Daggett took part in the Battle of Salem Church, which was part of the American Civil War, where Jefferson Davis was a commander.",,,,,
5,5,a,"Translation:  Aaron S. Daggett se zúčastnil bitvy u Salem Church, která byla součástí americké občanské války, kde byl Jefferson Davis velitelem.",,,,,
,,,"Lexicalisation: Aaron S. Daggett fought in the Battle of Salem Church, in the American Civil War. Jefferson Davis was one of the commanders in the war.",,,,,
5,5,a,Translation:  Aaron S. Daggett bojoval v bitvě u Salem Church v americké občanské válce. Jefferson Davis byl jedním z velitelů v této válce.,,,,,
,,,Lexicalisation: Jefferson Davis was a commander in the American Civil War of which the Battle of Salem Church was part and in which Aaron S Daggett fought.,,,,,
5,5,a,"Translation:  Jefferson Davis byl velitelem v americké občanské válce, jejíž součástí byla i bitva u Salem Church a v níž bojoval Aaron S. Daggett.",,,,,
,,,"RDF triples:  ['United_States | leader | Barack_Obama', 'A_Severed_Wasp | language | English_language', 'English_language | spokenIn | Great_Britain', 'A_Severed_Wasp | country | United_States']",,,,,
,,,"Lexicalisation: A Severed Wasp is from the United States, where the leader is Barack Obama. A Severed Wasp is written in English which is the language spoken in Great Britain.",,,,,
3,3,c,"Translation:  Odříznutá vosa je ze Spojených států, kde je vůdcem Barack Obama. A Severed Wasp je napsán v angličtině, což je jazyk, kterým se mluví ve Velké Británii.",,,,,
,,,"Lexicalisation: A Severed Wasp is from the United States, which president is Barack Obama, and it is in English language, which is spoken as well in Great Britain.",,,,,
5,5,a,"Translation:  A Severed Wasp je ze Spojených států, jejichž prezidentem je Barack Obama, a je v angličtině, kterou se mluví i ve Velké Británii.",,,,,
,,,Lexicalisation: The president of the United States is Barack Obama and is the origin of A Severed Wasp. A Severed Wasp is written in English (also spoken in Great Britain).,,,,,
1,5,c,"Translation:  Prezidentem Spojených států je Barack Obama, který je původcem knihy A Severed Wasp. A Severed Wasp je napsán v angličtině (kterou se mluví také ve Velké Británii).",,,,,
,,,RDF triples:  ['Marv_Wolfman | award | Inkpot_Award'],,,,,
,,,Lexicalisation: Marv Wolfman won the Inkpot Award.,,,,,
5,5,a,Translation:  Marv Wolfman získal cenu Inkpot.,,,,,
,,,Lexicalisation: Marv Wolfman was awarded the Inkpot Award.,,,,,
5,5,a,Translation:  Marv Wolfman získal cenu Inkpot.,,,,,
,,,"RDF triples:  ['1000_Piazzia | epoch | 2015-06-27', '1000_Piazzia | formerName | ""1923 NZ1951 OB""']",,,,,
,,,Lexicalisation: The epoch of 1000 Piazzia-formerly known as 1923 NZ1951OB -is 2015-06-27.,,,,,
5,5,a,Translation:  Epocha 1000 Piazzia - dříve známá jako 1923 NZ1951OB - je 2015-06-27.,,,,,
,,,"Lexicalisation: 1000 Piazzia was formerly called ""1923 NZ1951 OB"" and has the epoch date of 27 June 2015.",,,,,
5,3,c,"Translation:  1000 Piazzia se dříve jmenovala ""1923 NZ1951 OB"" a má datum epochy 27. června 2015.",,,,,
,,,"Lexicalisation: 1000 Piazzia, formerly known as 1923NZ1951 OB, has an epoch of 2015-06-27.",,,,,
5,5,a,"Translation:  1000 Piazzia, dříve známý jako 1923NZ1951 OB, má epochu 2015-06-27.",,,,,
,,,"RDF triples:  ['Acharya_Institute_of_Technology | country | ""India""', 'Acharya_Institute_of_Technology | numberOfPostgraduateStudents | 700', 'Acharya_Institute_of_Technology | campus | ""In Soldevanahalli, Acharya Dr. Sarvapalli Radhakrishnan Road, Hessarghatta Main Road, Bangalore – 560090.""']",,,,,
,,,"Lexicalisation: The Acharya Institute of Technology is in Soldevanahalli, India its address is Acharya Dr. Sarvapalli Radhakrishnan Road, Hessarghatta Main Road, Bangalore – 560090. It has 700 postgraduate students.",,,,,
5,5,a,"Translation:  Acharya Institute of Technology se nachází v Soldevanahalli, Indie, jeho adresa je Acharya Dr. Sarvapalli Radhakrishnan Road, Hessarghatta Main Road, Bangalore - 560090. Má 700 postgraduálních studentů.",,,,,
,,,"Lexicalisation: The Acharya Institute of Technology has 700 post-graduate students and is located in Soldevanahalli, Acharya Dr. Sarvapalli Radhakrishnan Road, Hessarghatta Main Road, Bangalore, India, 560090.",,,,,
5,5,a,"Translation:  Acharya Institute of Technology má 700 postgraduálních studentů a nachází se v Soldevanahalli, Acharya Dr. Sarvapalli Radhakrishnan Road, Hessarghatta Main Road, Bangalore, Indie, 560090.",,,,,
,,,RDF triples:  ['Appleton_International_Airport | 1stRunwayLengthFeet | 8002'],,,,,
,,,Lexicalisation: Appleton International Airport is 1st 8002 runway length.,,,,,
,,,Translation:  Mezinárodní letiště Appleton má 1. 8002 vzletových a přistávacích drah.,,,,,
,,,Lexicalisation: The first runway of Appleton International Airport has a length of 8002 feet.,,,,,
5,5,a,Translation:  První dráha mezinárodního letiště Appleton má délku 8002 stop.,,,,,
,,,Lexicalisation: The 1st runway length in feet of Appleton International Airport is 8002.,,,,,
5,5,a,Translation:  Délka 1. vzletové a přistávací dráhy letiště Appleton International Airport ve stopách je 8002.,,,,,
,,,"RDF triples:  ['AC_Hotel_Bella_Sky_Copenhagen | tenant | Marriott_International', 'AC_Hotel_Bella_Sky_Copenhagen | location | Copenhagen', 'AC_Hotel_Bella_Sky_Copenhagen | architect | 3XN']",,,,,
,,,Lexicalisation: The tenant of the AC Hotel Bella Sky (designed by architect 3XN) in Copenhagen is the Marriott International Hotel.,,,,,
5,5,a,Translation:  Nájemcem AC Hotelu Bella Sky (navrženého architektem 3XN) v Kodani je hotel Marriott International.,,,,,
,,,Lexicalisation: Marriott International is the tenant of AC Hotel Bella Sky in Copenhagen and the architect was 3XN.,,,,,
5,5,a,Translation:  Nájemcem AC Hotelu Bella Sky v Kodani je společnost Marriott International a architektem byla společnost 3XN.,,,,,
,,,Lexicalisation: The architect of the AC Hotel Bella Sky in Copenhagen was 3XN and the tenant of the hotel is the Marriott International Hotel.,,,,,
5,5,a,Translation:  Architektem AC Hotelu Bella Sky v Kodani byla společnost 3XN a nájemcem hotelu je společnost Marriott International Hotel.,,,,,
,,,"RDF triples:  ['Java | ethnicGroup | Javanese_people', 'Singapore | leader | Halimah_Yacob', 'Ayam_penyet | region | Singapore', 'Ayam_penyet | country | Java']",,,,,
,,,"Lexicalisation: The Javanese people are an ethnic group of Java. Singapore's leader is Halimah Yacob. Ayam penyet is a dish from Java, Singapore.",,,,,
5,4,c,Translation:  Jávané jsou etnickou skupinou Jávy. Vůdkyní Singapuru je Halimah Yacobová. Ayam penyet je jídlo z Jávy v Singapuru.,,,,,
,,,Lexicalisation: Ayam penyet is from the Java and Singapore regions. The Javanese people are an ethnic group of Java and Halimah Yacob is a leader of Singapore.,,,,,
5,4,c,Translation:  Ayam penyet pochází z Jávy a Singapuru. Javánci jsou etnickou skupinou Jávy a Halimah Yacobová je vůdkyní Singapuru.,,,,,
,,,"RDF triples:  ['Alan_Bean | mission | Apollo_12', 'Apollo_12 | operator | NASA', 'Alan_Bean | occupation | Test_pilot', 'Alan_Bean | birthPlace | Wheeler,_Texas', 'Alan_Bean | status | ""Retired""', 'Alan_Bean | birthDate | ""1932-03-15""', 'Alan_Bean | almaMater | ""UT Austin, B.S. 1955""']",,,,,
,,,"Lexicalisation: Alan Bean was born on March 15, 1932 in Wheeler Texas. He graduated from UT Austin with a BSc. in 1955. Bean worked as a test pilot and was part of Apollo 12, which was run by NASA. He is retired.",,,,,
5,5,a,"Translation:  Alan Bean se narodil 15. března 1932 v texaském Wheeleru. V roce 1955 získal bakalářský titul na univerzitě v Austinu. Bean pracoval jako zkušební pilot a byl součástí programu Apollo 12, který řídila NASA. Je v důchodu.",,,,,
,,,"Lexicalisation: Alan Bean was born in Wheeler, Texas on March 15th, 1932. He graduated from UT Austin in 1955 with a B.S. He is a retired test pilot, who was on the crew of the NASA-operated Apollo 12.",,,,,
5,5,a,"Translation:  Alan Bean se narodil 15. března 1932 ve Wheeleru v Texasu. V roce 1955 absolvoval bakalářské studium na UT Austin. Je vysloužilým zkušebním pilotem, který byl členem posádky Apolla 12, které řídila NASA.",,,,,
,,,"Lexicalisation: Alan Bean was born on March 15, 1932 in Wheeler Texas. He graduated from UT Austin in 1955 with a B.S and became a Test Pilot. He was part of the Apollo 12 crew for NASA and is now retired.",,,,,
5,5,a,Translation:  Alan Bean se narodil 15. března 1932 v texaském Wheeleru. V roce 1955 absolvoval bakalářské studium na UT Austin a stal se zkušebním pilotem. Byl členem posádky Apolla 12 pro NASA a nyní je v důchodu.,,,,,
,,,"RDF triples:  ['Abilene,_Texas | populationDensity | 429.9 (inhabitants per square kilometre)']",,,,,
,,,"Lexicalisation: The total population density of Abilene, Texas is 429.9 inhabitants per sq km.",,,,,
5,5,a,"Translation:  Celková hustota zalidnění města Abilene v Texasu je 429,9 obyvatel na km².",,,,,
,,,"Lexicalisation: Abilene, Texas has a population density of 429.9 inhabitants per square kilometre.",,,,,
5,5,a,"Translation:  Hustota zalidnění města Abilene v Texasu je 429,9 obyvatel na kilometr čtvereční.",,,,,
,,,"Lexicalisation: Abilene, Texas, has a population density of 429.9 (inhabitants per square kilometre).",,,,,
4,5,c,"Translation:  Hustota zalidnění města Abilene v Texasu je 429,9 obyvatel na kilometr čtvereční.",,,,,
,,,"RDF triples:  ['Al-Taqaddum_Air_Base | runwayLength | 4019.0', 'Al-Taqaddum_Air_Base | cityServed | Fallujah', 'Al-Taqaddum_Air_Base | elevationAboveTheSeaLevel | 84.0', 'Al-Taqaddum_Air_Base | location | Habbaniyah']",,,,,
,,,Lexicalisation: Al-Taqaddum Air Base serves the city of Fallujah and is located in Habbaniyah. The airbase is 84 metres above sea level and has a runway length of 4019.,,,,,
5,5,a,Translation:  Letecká základna Al-Taqaddum slouží městu Fallúdža a nachází se v Habbáníji. Letecká základna se nachází v nadmořské výšce 84 metrů a její vzletová a přistávací dráha je dlouhá 4019 metrů.,,,,,
,,,Lexicalisation: The Al Taqaddum Air Base serves the city of Fallujah and is located in Habbaniyah. Its runway is 4019 long and is 84 meters above sea level.,,,,,
5,5,a,Translation:  Letecká základna Al Taqaddum slouží městu Fallúdža a nachází se v Habbáníji. Její vzletová a přistávací dráha je dlouhá 4019 metrů a nachází se v nadmořské výšce 84 metrů.,,,,,
,,,"Lexicalisation: Al Taqaddum Air Base located in Habbaniyah, serves the city of Fallujah. It is 84.0 metres above sea level. Its runway is 4,019 long.",,,,,
5,5,a,"Translation:  Letecká základna Al Taqaddum se nachází v Habbaniyah a slouží městu Fallujah. Nachází se v nadmořské výšce 84,0 m. Její vzletová a přistávací dráha je dlouhá 4 019 metrů.",,,,,
,,,RDF triples:  ['Armin_van_Buuren | genre | House_music'],,,,,
,,,Lexicalisation: Armin van Buuren plays House music.,,,,,
5,5,a,Translation:  Armin van Buuren hraje house music.,,,,,
,,,Lexicalisation: Armin van Buuren's genre is House music.,,,,,
5,5,a,Translation:  Žánrem hudby Armina van Buurena je house music.,,,,,
,,,Lexicalisation: Armin van Buuren performs house music.,,,,,
5,5,a,Translation:  Armin van Buuren hraje house music.,,,,,
,,,"RDF triples:  ['Ashgabat_International_Airport | operatingOrganisation | Turkmenistan_Airlines', 'Turkmenistan_Airlines | headquarter | Turkmenistan', 'Ashgabat_International_Airport | runwayLength | 900.0', 'Turkmenistan_Airlines | hubAirport | Turkmenabat_Airport', 'Turkmenistan_Airlines | headquarter | Ashgabat']",,,,,
,,,Lexicalisation: Turkmenistan airlines have their HQ in Turkmenistan and Ashgabat and their hub at Turkmenabat airport. They are the operating organisation for Ashgabat International Airport which has a runway length of 900.0.,,,,,
5,3,c,"Translation:  Turkmenistánské aerolinie mají své ústředí v Turkmenistánu a Ašchabadu a svůj hub na letišti Turkmenabat. Jsou provozovatelem mezinárodního letiště Ašchabad, jehož dráha má délku 900,0.",,,,,
,,,"Lexicalisation: The operating organization for Ashgabat International Airport is called Turkmenistan Airlines whose headquarters is in Ashgabat, Turkmenistan. Its runway length is 900 m. Turkmenabat airport is the hub for Turkmenistan airlines.",,,,,
3,5,c,Translation:  Provozovatelem mezinárodního letiště Ašchabad je společnost Turkmenistan Airlines se sídlem v Ašchabadu v Turkmenistánu. Délka jeho vzletové a přistávací dráhy je 900 m. Letiště Turkmenabat je uzlovým letištěm pro turkmenské letecké společnosti.,,,,,
,,,"Lexicalisation: The operating organization for Ashgabat International Airport is called Turkmenistan Airlines; the Turkmenabat Airport is the hub for the Airline. The headquarters of Turkmenistan Airlines are in Ashgabat, Turkmenistan. The Airport has a runway length of 900.0.",,,,,
3,3,c,"Translation:  Provozní organizace mezinárodního letiště Ašchabad se nazývá Turkmenistan Airlines; letiště Turkmenabat je centrem této letecké společnosti. Sídlo společnosti Turkmenistan Airlines se nachází v Ašchabadu v Turkmenistánu. Délka vzletové a přistávací dráhy letiště je 900,0 m.",,,,,
,,,"RDF triples:  ['Appleton,_Wisconsin | isPartOf | Kimberly,_Wisconsin']",,,,,
,,,"Lexicalisation: Appleton, Wisconsin is part of Kimberly, Wisconsin.",,,,,
5,5,a,"Translation:  Appleton, Wisconsin je součástí města Kimberly, Wisconsin.",,,,,
,,,"RDF triples:  ['107_Camilla | discoverer | N._R._Pogson', 'N._R._Pogson | deathPlace | Chennai', 'N._R._Pogson | birthPlace | Nottingham', '107_Camilla | discovered | 2001-03-01', 'N._R._Pogson | nationality | England']",,,,,
,,,Lexicalisation: The British NR Pogson (born Nottingham died Chennai) discovered 107 Camilla on 1 March 2001.,,,,,
5,3,c,Translation:  Britský NR Pogson (narozen Nottingham zemřel Chennai) objevil 107 Camilla 1. března 2001.,,,,,
,,,"Lexicalisation: NR Pogson, who died in Chennai, was an Englishman born in Nottingham. He discovered 107 Camilla on 1 March 2001.",,,,,
5,5,a,"Translation:  NR Pogson, který zemřel v Čennaí, byl Angličan narozený v Nottinghamu. 1. března 2001 objevil 107 Camilla.",,,,,
,,,"Lexicalisation: The British N.R. Pogson, the discoverer of the asteroid 107 Camilla, was born in Nottingham and died in Chennai. He made the discovery of the asteroid on March 1st, 2001.",,,,,
5,5,a,"Translation:  Brit N. R. Pogson, objevitel planetky 107 Camilla, se narodil v Nottinghamu a zemřel v Čennaí. Planetku objevil 1. března 2001.",,,,,