"4,934065934","4,373626374",,91,google translate,,překlad ok,celkem vět,podíl ok
adequacy,fluency,,,,,57,91,"0,6263736264"
,,,RDF triples:  ['Alfredo_Zitarrosa | genre | Candombe'],,,,,
,,,Lexicalisation: Alfredo Zitarrosa's musical genre is Candombe.,,,,,
5,5,a,Translation:  Hudební žánr Alfreda Zitarrosy je Candombe.,,,,,
,,,Lexicalisation: The musical genre of Alfredo Zitarrosa is Candombe.,,,,,
5,5,a,Translation:  Hudební žánr Alfreda Zitarrosy je Candombe.,,,,,
,,,"RDF triples:  ['Alcobendas | isPartOf | Community_of_Madrid', 'Adolfo_Suárez_Madrid–Barajas_Airport | location | Alcobendas', 'ENAIRE | city | Madrid', 'Madrid | country | Spain', 'Adolfo_Suárez_Madrid–Barajas_Airport | operatingOrganisation | ENAIRE']",,,,,
,,,"Lexicalisation: ENAIRE, in the city of Madrid, is the operator of Adolfo Suarez Madrid-Barajas airport in Alcobendas, part of the community of Madrid in Spain.",,,,,
5,3,c,"Translation:  ENAIRE ve městě Madrid je provozovatelem letiště Adolfa Suareze Madrid-Barajas v Alcobendas, části komunity Madrid ve Španělsku.",,,,,
,,,"Lexicalisation: Adolfo Suárez Madrid–Barajas Airport, is located in Alcobendas, Madrid, Spain. ENAIRE is based in the city and is the operating organization for the airport.",,,,,
5,3,c,"Translation:  Letiště Adolfa Suáreze Madrid–Barajas se nachází v Alcobendas, Madrid, Španělsko. ENAIRE sídlí ve městě a je provozní organizací pro letiště.",,,,,
,,,"RDF triples:  ['United_States | ethnicGroup | African_Americans', 'United_States | leader | Barack_Obama', 'A_Wizard_of_Mars | language | English_language', 'English_language | spokenIn | Great_Britain', 'A_Wizard_of_Mars | country | United_States']",,,,,
,,,Lexicalisation: A Wizard of Mars originates from the United States where Barack Obama is the leader and African Americans are an ethnic Group. The book is written in English which is a language spoken in Great Britain.,,,,,
5,4,c,"Translation:  Čaroděj z Marsu pochází ze Spojených států, kde je Barack Obama vůdcem a Afroameričané jsou etnickou skupinou. Kniha je napsána v angličtině, což je jazyk používaný ve Velké Británii.",,,,,
,,,Lexicalisation: A Wizard of Mars is written in English which is also a language spoken in Great Britain. The book originates from the United States where African Americans are one ethnic group and Barack Obama is the leader.,,,,,
5,3,c,"Translation:  Čaroděj z Marsu je napsán v angličtině, kterou se také mluví ve Velké Británii. Kniha pochází ze Spojených států, kde jsou Afroameričané jednou etnickou skupinou a Barack Obama je vůdcem.",,,,,
,,,"RDF triples:  ['Alex_Day | associatedBand/associatedMusicalArtist | Chameleon_Circuit_(band)', 'Alex_Day | genre | Electronic_music', 'Alex_Day | associatedBand/associatedMusicalArtist | Charlie_McDonnell']",,,,,
,,,"Lexicalisation: Alex Day performs electronic music, plays with the band Chameleon Circuit and is associated with the musical artist, Charlie McDonnell.",,,,,
5,5,a,"Translation:  Alex Day hraje elektronickou hudbu, hraje s kapelou Chameleon Circuit a je spojován s hudebním umělcem Charliem McDonnellem.",,,,,
,,,"Lexicalisation: Electronic musician Alex Day is part of Chameleon Circuit and associated with artist, Charlie McDonnell.",,,,,
5,4,c,Translation:  Elektronický hudebník Alex Day je součástí Chameleon Circuit a je spojen s umělcem Charliem McDonnellem.,,,,,
,,,"Lexicalisation: Alex Day, whose musical genre is Electronic music, plays with the band Chameleon Circuit and is associated with the musical artist Charlie McDonnell.",,,,,
5,5,a,"Translation:  Alex Day, jehož hudebním žánrem je elektronická hudba, hraje s kapelou Chameleon Circuit a je spojován s hudebním umělcem Charliem McDonnellem.",,,,,
,,,"RDF triples:  ['Hypermarcas | product | Cosmetics', 'Hypermarcas | revenue | 1800000000']",,,,,
,,,"Lexicalisation: Hypermarcas is a company which sells cosmetics; their revenue is $1,800,000,000.",,,,,
5,5,a,"Translation:  Hypermarcas je společnost, která prodává kosmetiku; jejich příjem je 1 800 000 000 $.",,,,,
,,,"Lexicalisation: Hypermarcas makes $1,800,000,000 a year, in part from its production of cosmetics products.",,,,,
5,5,a,"Translation:  Hypermarcas vydělává 1 800 000 000 dolarů ročně, částečně z výroby kosmetických produktů.",,,,,
,,,Lexicalisation: Hypermarcas earns 1800000000 annually by selling cosmetics.,,,,,
5,5,a,Translation:  Hypermarcas vydělává 1800000000 ročně prodejem kosmetiky.,,,,,
,,,"RDF triples:  ['(410777)_2009_FD | discoverer | Spacewatch', '(410777)_2009_FD | periapsis | 88234300000.0', '(410777)_2009_FD | apoapsis | 259776702.47055 (kilometres)']",,,,,
,,,"Lexicalisation: Discovered by Spacewatch, (410777) 2009 FD, has an apoapsis of 259776702.47055 kilometers, and an periapsis of, 88234300000.0.",,,,,
5,1,c,"Translation:  Objeven Spacewatch, (410777) 2009 FD, má apoapsi 259776702,47055 kilometrů a periapsi 88234300000,0.",,,,,
,,,"Lexicalisation: (410777) 2009 FD, with the periapsis of 88234300000.0 and an apoapsis of 259776702.47055 km, was discovered by Spacewatch.",,,,,
5,2,c,"Translation:  (410777) 2009 FD, s periapsí 88234300000,0 a apoapsi 259776702,47055 km, byl objeven Spacewatch.",,,,,
,,,RDF triples:  ['United_States | ethnicGroup | Asian_Americans'],,,,,
,,,"Lexicalisation: One of the ethnic groups in the United States, is Asian Americans.",,,,,
5,5,a,Translation:  Jednou z etnických skupin ve Spojených státech jsou asijští Američané.,,,,,
,,,Lexicalisation: Asian Americans are an ethnic group in the U.S.,,,,,
5,5,a,Translation:  Asijští Američané jsou etnickou skupinou v USA.,,,,,
,,,Lexicalisation: The Asian Americans are an ethnic group of the United States.,,,,,
5,5,a,Translation:  Asijští Američané jsou etnickou skupinou Spojených států.,,,,,
,,,"RDF triples:  ['Abraham_A._Ribicoff | party | Democratic_Party_(United_States)', 'Abraham_A._Ribicoff | deathPlace | New_York_City', 'Abraham_A._Ribicoff | birthPlace | United_States', 'Abraham_A._Ribicoff | nationality | American', 'Abraham_A._Ribicoff | office | ""Governor of Connecticut""']",,,,,
,,,Lexicalisation: American Abraham A. Ribicoff was a member of the Democratic Party in the United States. He was the Governor of Connecticut and died in New York City.,,,,,
5,5,a,Translation:  Američan Abraham A. Ribicoff byl členem Demokratické strany ve Spojených státech. Byl guvernérem Connecticutu a zemřel v New Yorku.,,,,,
,,,Lexicalisation: Abraham A. Ribicoff was born in the U.S and was a United States national. He was a member of the United States Democratic party and served as the governor of Connecticut before he died in New York city.,,,,,
5,5,a,"Translation:  Abraham A. Ribicoff se narodil v USA a byl státním příslušníkem Spojených států. Byl členem Demokratické strany Spojených států a sloužil jako guvernér Connecticutu, než zemřel v New Yorku.",,,,,
,,,"Lexicalisation: An American National, Abraham A Ribicoff was born in the United States and passed away in New York City. Abraham A. Ribicoff was a member of the Democratic Party in the United States and worked as Governor of Connecticut.",,,,,
5,5,a,Translation:  Americký občan Abraham A Ribicoff se narodil ve Spojených státech a zemřel v New Yorku. Abraham A. Ribicoff byl členem Demokratické strany ve Spojených státech a pracoval jako guvernér Connecticutu.,,,,,
,,,"RDF triples:  ['Addiction_(journal) | publisher | Wiley-Blackwell', 'Addiction_(journal) | issnNumber | ""0965-2140""', 'Addiction_(journal) | LCCN_number | 93645978', 'Addiction_(journal) | abbreviation | ""Addiction""']",,,,,
,,,"Lexicalisation: Addiction journal (abbreviated to Addiction) is published by Wiley-Blackwell. It has the ISSN number 0965-2140, and the LCCN number 93645978.",,,,,
5,5,a,Translation:  Addiction journal (zkráceně Addiction) vydává Wiley-Blackwell. Má číslo ISSN 0965-2140 a číslo LCCN 93645978.,,,,,
,,,"Lexicalisation: Wiley-Blackwell is the publisher of Addiction (journal), known as Addiction, ISSN number of 0965-2140 and LCCN number 93645978.",,,,,
5,5,a,"Translation:  Wiley-Blackwell je vydavatelem časopisu Addiction (žurnál), známého jako Addiction, číslo ISSN 0965-2140 a číslo LCCN 93645978.",,,,,
,,,Lexicalisation: The Addiction journal (abbreviated to Addiction) was published by Wiley-Blackwell. It has an ISSN number of 0965-2140 and an LCCN number of 93645978.,,,,,
,,,Translation:  Časopis Addiction (zkráceně Addiction) vydával Wiley-Blackwell. Má ISSN číslo 0965-2140 a LCCN číslo 93645978.,,,,,
,,,"RDF triples:  ['Athens_International_Airport | cityServed | Athens', 'Athens | country | Greece', 'Greece | language | Greek_language', 'Greece | leader | Nikos_Voutsis', 'Greece | leader | Prokopis_Pavlopoulos']",,,,,
,,,Lexicalisation: The Athens International Airport serves the city of Athens in Greece. The leaders of Greece are Nikos Voutsis and Prokopis Pavlopoulos. Greek is spoken in that country.,,,,,
5,5,a,Translation:  Aténské mezinárodní letiště obsluhuje město Atény v Řecku. Lídři Řecka jsou Nikos Voutsis a Prokopis Pavlopoulos. V této zemi se mluví řecky.,,,,,
,,,"Lexicalisation: Athens International Airport serves the city of Athens, Greece. Two leaders there are Nikos Voutsis and Prokopis Pavlopoulos. Greek is the language of Greece.",,,,,
5,4,c,"Translation:  Aténské mezinárodní letiště obsluhuje město Atény, Řecko. Dva vůdci jsou Nikos Voutsis a Prokopis Pavlopoulos. Řečtina je jazyk Řecka.",,,,,
,,,"RDF triples:  ['India | largestCity | Mumbai', 'AWH_Engineering_College | country | India', 'AWH_Engineering_College | state | Kerala', 'AWH_Engineering_College | city | ""Kuttikkattoor""']",,,,,
,,,"Lexicalisation: The AWH Engineering College is located in Kuttikkattoor, Kerala, India. Mumbai is the largest city in India.",,,,,
5,3,c,"Translation:  AWH Engineering College se nachází v Kuttikkattoor, Kerala, Indie. Bombaj je největší město v Indii.",,,,,
,,,"Lexicalisation: The AWH Engineering College is located in the city of Kuttikkattoor in the state of Kerala, India. The largest city in India is Mumbai.",,,,,
5,5,a,Translation:  AWH Engineering College se nachází ve městě Kuttikkattoor ve státě Kerala v Indii. Největším městem Indie je Bombaj.,,,,,
,,,RDF triples:  ['Bandeja_paisa | ingredient | Fried_egg'],,,,,
,,,Lexicalisation: Fried egg is an ingredient of Bandeja paisa.,,,,,
5,5,a,Translation:  Sázené vejce je součástí Bandeja paisa.,,,,,
,,,Lexicalisation: Fried egg is one of the ingredients of Bandeja paisa.,,,,,
5,3,c,Translation:  Sázené vejce je jednou ze složek Bandeja paisa.,,,,,
,,,Lexicalisation: Fried egg is an ingredient in bandeja paisa.,,,,,
5,5,a,Translation:  Sázené vejce je součástí bandeja paisa.,,,,,
,,,RDF triples:  ['Andra_(singer) | genre | Dance-pop'],,,,,
,,,Lexicalisation: The musical genre of the singer Andra is dance pop.,,,,,
5,5,a,Translation:  Hudebním žánrem zpěvačky Andry je taneční pop.,,,,,
,,,Lexicalisation: Andra is a singer and her music genre is Dance-pop.,,,,,
5,5,a,Translation:  Andra je zpěvačka a jejím hudebním žánrem je Dance-pop.,,,,,
,,,Lexicalisation: Andra is a singer of Dance-pop music.,,,,,
5,3,c,Translation:  Andra je zpěvačka Dance-pop music.,,,,,
,,,"RDF triples:  ['Ardmore_Airport_(New_Zealand) | runwayLength | 597.0', 'Ardmore_Airport_(New_Zealand) | 3rdRunwaySurfaceType | Poaceae', 'Ardmore_Airport_(New_Zealand) | elevationAboveTheSeaLevel | 34.0', 'Ardmore_Airport_(New_Zealand) | runwayName | ""03L/21R""']",,,,,
,,,Lexicalisation: New Zealand's Adrmore Airport has a runway length of 597 metres and is 34 meters above sea level. Its 3rd runway surface is consists of Poaceae and its runway name is 03L/21R.,,,,,
,,,Translation:  Novozélandské letiště Adrmore má délku přistávací dráhy 597 metrů a je ve výšce 34 metrů nad mořem. Jeho povrch 3. dráhy se skládá z Poaceae a její název dráhy je 03L/21R.,,,,,
,,,Lexicalisation: Ardmore Airport (New Zealand) is 34 meters above sea level. Its 3rd runway has the surface type of poaceae and is 597.0 in length with the name 03L/21R.,,,,,
,,,"Translation:  Letiště Ardmore (Nový Zéland) leží 34 metrů nad mořem. Jeho 3. dráha má povrchový typ poaceae a je dlouhá 597,0 s názvem 03L/21R.",,,,,
,,,Lexicalisation: Ardmore Airport in New Zealand is 34 metres above sea level and has a 3rd runway made of poaceae. The runway name is 03L/21R and it has a length of 597.0.,,,,,
,,,"Translation:  Letiště Ardmore na Novém Zélandu je 34 metrů nad mořem a má 3. přistávací dráhu vyrobenou z poaceae. Název dráhy je 03L/21R a má délku 597,0.",,,,,
,,,"RDF triples:  ['A.S._Gubbio_1910 | ground | Italy', 'A.S._Gubbio_1910 | numberOfMembers | 5300']",,,,,
,,,Lexicalisation: A.S. Gubbio 1910 has 5300 members and their ground is located in Italy.,,,,,
3,3,c,Translation:  TAK JAKO. Gubbio 1910 má 5300 členů a jejich základna se nachází v Itálii.,,,,,
,,,Lexicalisation: A.S. Gubbio 1910 in Italy has 5300 members.,,,,,
3,3,c,Translation:  TAK JAKO. Gubbio 1910 v Itálii má 5300 členů.,,,,,
,,,"Lexicalisation: The ground of A.S. Gubbio 1910 is located in Italy, the team have 5300 members.",,,,,
5,5,a,"Translation:  Pozemek A.S. Gubbio 1910 se nachází v Itálii, tým má 5300 členů.",,,,,
,,,"RDF triples:  ['A.C._Cesena | league | Serie_B', 'Serie_B | champions | Carpi_F.C._1909', 'A.C._Cesena | ground | Italy']",,,,,
,,,Lexicalisation: AC Cesena play in the Serie B league which has been won by Carpi F.C. 1909 in the past. Their ground is located in Italy.,,,,,
5,3,c,"Translation:  AC Cesena hraje v lize Serie B, kterou vyhrálo Carpi FC. 1909 v minulosti. Jejich pozemek se nachází v Itálii.",,,,,
,,,Lexicalisation: A.C. Cesena's ground is located in Italy and they are part of the Serie B league which was previously won by Carpi FC 1909.,,,,,
5,3,c,"Translation:  Pozemek AC Cesena se nachází v Itálii a je součástí ligy Serie B, kterou dříve vyhrálo Carpi FC 1909.",,,,,
,,,"Lexicalisation: AC Cesena, whose ground is located in Italy, are in the Serie B league. Carpi FC 1909 are previous champions of Serie B.",,,,,
5,5,a,"Translation:  AC Cesena, jejíž hřiště se nachází v Itálii, je v lize Serie B. Carpi FC 1909 jsou předchozí šampioni Serie B.",,,,,
,,,"RDF triples:  ['AZ_Alkmaar | manager | John_van_den_Brom', 'John_van_den_Brom | club | AFC_Ajax', 'John_van_den_Brom | club | Vitesse_Arnhem', 'AZ_Alkmaar | owner | Max_Huiberts']",,,,,
,,,Lexicalisation: John van den Brom is in Vitesse Arnhem and plays for AFC Ajax. He has also been manager for AZ Alkmaar which is owned by Max Huiberts.,,,,,
5,5,a,"Translation:  John van den Brom je ve Vitesse Arnhem a hraje za AFC Ajax. Byl také manažerem společnosti AZ Alkmaar, kterou vlastní Max Huiberts.",,,,,
,,,Lexicalisation: John van den Brom plays for Vitesse Arnhem. He also plays for AFC Ajax and manages AZ Alkmaar which is owned by Max Huiberts.,,,,,
5,5,a,"Translation:  John van den Brom hraje za Vitesse Arnhem. Také hraje za AFC Ajax a spravuje AZ Alkmaar, který vlastní Max Huiberts.",,,,,
,,,"Lexicalisation: The manager of AZ Alkmaar, owned by Max Huiberts, is John van den Brom who plays for AFC Ajax and Vitesse Arnhem.",,,,,
5,5,a,"Translation:  Manažerem AZ Alkmaar, který vlastní Max Huiberts, je John van den Brom, který hraje za AFC Ajax a Vitesse Arnhem.",,,,,
,,,RDF triples:  ['Aaron_Bertram | associatedBand/associatedMusicalArtist | Suburban_Legends'],,,,,
,,,Lexicalisation: Aaron Bertram plays for the Suburban Legends band.,,,,,
5,5,a,Translation:  Aaron Bertram hraje pro kapelu Suburban Legends.,,,,,
,,,"RDF triples:  ['Abraham_A._Ribicoff | spouse | Casey_Ribicoff', 'Abraham_A._Ribicoff | deathPlace | United_States', 'Abraham_A._Ribicoff | birthPlace | New_Britain,_Connecticut', 'Abraham_A._Ribicoff | nationality | American', 'United_States | ethnicGroup | African_Americans']",,,,,
,,,"Lexicalisation: Abraham A Ribicoff was born in New Britain, Connecticut and died in his native land. He was married to Casey Ribicoff and African Americans are among the ethnic groups in the country.",,,,,
5,5,a,Translation:  Abraham A Ribicoff se narodil v Nové Británii v Connecticutu a zemřel ve své rodné zemi. Byl ženatý s Casey Ribicoff a Afroameričané patří mezi etnické skupiny v zemi.,,,,,
,,,"Lexicalisation: Abraham A Ribicoff is from the United States, born in New Britain, Connecticut. Casey Ribicoff was the spouse of Abraham A. Ribicoff, who died in the United States, the country where one of the ethnic groups is, African Americans.",,,,,
5,3,c,"Translation:  Abraham A Ribicoff je ze Spojených států, narozen v New Britain, Connecticut. Casey Ribicoff byla manželkou Abrahama A. Ribicoffa, který zemřel ve Spojených státech, v zemi, kde je jedna z etnických skupin, Afroameričané.",,,,,
,,,"Lexicalisation: African Americans are an ethnic group of the United States, where one of the nationals is Abraham A. Ribicoff. He, born in New Britain, Connecticut, was married to Casey Ribicoff, and died in the United States.",,,,,
5,2,c,"Translation:  Afroameričané jsou etnickou skupinou Spojených států, kde jedním z občanů je Abraham A. Ribicoff. Narodil se v New Britain, Connecticut, byl ženatý s Casey Ribicoff a zemřel ve Spojených státech.",,,,,
,,,"RDF triples:  ['Acharya_Institute_of_Technology | city | Bangalore', 'Acharya_Institute_of_Technology | established | 2000', 'Acharya_Institute_of_Technology | country | ""India""', 'Acharya_Institute_of_Technology | campus | ""In Soldevanahalli, Acharya Dr. Sarvapalli Radhakrishnan Road, Hessarghatta Main Road, Bangalore – 560090.""', 'Acharya_Institute_of_Technology | affiliation | Visvesvaraya_Technological_University']",,,,,
,,,"Lexicalisation: The Acharya Institute of Technology's campus in Soldevanahalli, Acharya Dr. Sarvapalli Radhakrishnan Road, Hessarghatta Main Road, Bangalore - 560090, India is affiliated to the Visvesvaraya Technological University. It was established in 2000.",,,,,
5,3,c,"Translation:  Kampus Acharya Institute of Technology v Soldevanahalli, Acharya Dr. Sarvapalli Radhakrishnan Road, Hessarghatta Main Road, Bangalore - 560090, Indie je přidružen k Technologické univerzitě Visvesvaraya. Byla založena v roce 2000.",,,,,
,,,"Lexicalisation: The Acharya Institute of Technology in India which is affiliated with the Visvesvaraya Technological University was established in 2000. The campus is located at In Soldevanahalli, Acharya Dr. Sarvapalli Radhakrishnan Road, Hessarghatta Main Road, Bangalore – 560090.",,,,,
5,5,a,"Translation:  Technologický institut Acharya v Indii, který je přidružen k Technologické univerzitě Visvesvaraya, byl založen v roce 2000. Kampus se nachází na adrese In Soldevanahalli, Acharya Dr. Sarvapalli Radhakrishnan Road, Hessarghatta Main Road, Bangalore – 560090.",,,,,
,,,"Lexicalisation: The Acharya Institute of Technology was established in 2000. It is located in Soldevanahalli, Acharya Dr. Sarvapalli Radhakrishnan Road, Hessarghatta Main Road, Bangalore – 560090, India. It is affiliated with the Visvesvaraya Technological University.",,,,,
5,4,c,"Translation:  Acharya Institute of Technology byl založen v roce 2000. Nachází se v Soldevanahalli, Acharya Dr. Sarvapalli Radhakrishnan Road, Hessarghatta Main Road, Bangalore – 560090, Indie. Je přidružena k Technologické univerzitě Visvesvaraya.",,,,,
,,,"RDF triples:  ['Delta_II | launchSite | Cape_Canaveral_Air_Force_Station_Space_Launch_Complex_17', 'Delta_II | launchSite | Cape_Canaveral_Air_Force_Station', 'Antares_(rocket) | comparable | Delta_II', 'Delta_II | countryOrigin | United_States']",,,,,
,,,"Lexicalisation: The Delta II, launched at Cape Canaveral Air Force Station Space Launch Complex 17, originates from the United States and is comparable to the Antares rocket.",,,,,
5,4,c,"Translation:  Delta II, vypuštěná na Cape Canaveral Air Force Station Space Launch Complex 17, pochází ze Spojených států a je srovnatelná s raketou Antares.",,,,,
,,,Lexicalisation: The Delta II was launched at the Cape Canaveral Air Force Station at Space Launch Complex 17. The Delta II is from the United States and the rocket Antares is comparable to it.,,,,,
5,4,c,Translation:  Delta II byla vypuštěna na Cape Canaveral Air Force Station na Space Launch Complex 17. Delta II je ze Spojených států a raketa Antares je s ní srovnatelná.,,,,,
,,,"Lexicalisation: The Delta II originated in the United States and was launched at the Cape Canaveral Air Force Station, at Cape Canaveral Air Force Station Space Launch Complex 17. The rocket Antares is comparable to Delta II.",,,,,
5,4,c,"Translation:  Delta II vznikla ve Spojených státech a byla vypuštěna na Cape Canaveral Air Force Station, na Cape Canaveral Air Force Station Space Launch Complex 17. Raketa Antares je srovnatelná s Deltou II.",,,,,
,,,RDF triples:  ['ALV_X-1 | diameter | 1.524 (metres)'],,,,,
,,,Lexicalisation: The diameter of the ALV X-1 is 1.524 metres.,,,,,
5,5,a,"Translation:  Průměr ALV X-1 je 1,524 metru.",,,,,
,,,Lexicalisation: The ALV X-1 has a diameter of 1.524 metres.,,,,,
5,5,a,"Translation:  ALV X-1 má průměr 1,524 metru.",,,,,
,,,Lexicalisation: The ALV X-1 diameter is 1.524 metres.,,,,,
5,5,a,"Translation:  Průměr ALV X-1 je 1,524 metru.",,,,,
,,,"RDF triples:  ['Adam_McQuaid | birthPlace | Charlottetown', 'Adam_McQuaid | birthDate | 1986-10-12', 'Adam_McQuaid | weight | 94.8024 (kilograms)', 'Adam_McQuaid | birthYear | 1986']",,,,,
,,,"Lexicalisation: Born in Charlottetown on Oct 12, 1986, Adam McQuaid weighs 94.8024 kilos.",,,,,
5,5,a,"Translation:  Adam McQuaid se narodil v Charlottetownu 12. října 1986 a váží 94,8024 kilogramů.",,,,,
,,,"Lexicalisation: Adam McQuaid was born on the 12th of October 1986, in Charlottetown He now weighs 94.8024 kilograms.",,,,,
5,5,a,"Translation:  Adam McQuaid se narodil 12. října 1986 v Charlottetownu. Nyní váží 94,8024 kilogramů.",,,,,
,,,Lexicalisation: Adam McQuaid was born in Charlottetown on 12th October 1986 and wieghs 94.8024kg.,,,,,
5,5,a,"Translation:  Adam McQuaid se narodil v Charlottetownu 12. října 1986 a váží 94,8024 kg.",,,,,
,,,"RDF triples:  ['1_Decembrie_1918_University | latinName | ""Universitas Apulensis""', '1_Decembrie_1918_University | country | Romania']",,,,,
,,,Lexicalisation: The 1 Decembrie 1918 University of Romania has the latin name Universitas Apulensis.,,,,,
4,4,c,Translation:  Rumunská univerzita z 1. prosince 1918 má latinský název Universitas Apulensis.,,,,,
,,,Lexicalisation: 1 Decembrie 1918 University 's latin name is Universitas Apulensis and is located in Romania.,,,,,
5,3,c,Translation:  1. prosince 1918 Latinský název univerzity je Universitas Apulensis a nachází se v Rumunsku.,,,,,
,,,"RDF triples:  ['Trane | foundingDate | 1913-01-01', 'Trane | foundationPlace | La_Crosse,_Wisconsin', 'Trane | numberOfEmployees | 29000']",,,,,
,,,"Lexicalisation: Trane was founded in 1913-01-01 in La Crosse, Wisconsin and now employs over 29000 people.",,,,,
5,5,a,Translation:  Společnost Trane byla založena v roce 1913-01-01 v La Crosse ve státě Wisconsin a nyní zaměstnává více než 29 000 lidí.,,,,,
,,,"Lexicalisation: Trane has 29,000 employees and was founded in La Crosse, Wisconsin on 1913-01-01.",,,,,
5,5,a,Translation:  Společnost Trane má 29 000 zaměstnanců a byla založena v La Crosse ve Wisconsinu dne 1. 1. 1913.,,,,,
,,,"Lexicalisation: Trane was founded on January 1, 1913 in La Crosse, Wisconsin with 29,000 current employees.",,,,,
5,4,c,Translation:  Společnost Trane byla založena 1. ledna 1913 v La Crosse ve státě Wisconsin s 29 000 současnými zaměstnanci.,,,,,
,,,"RDF triples:  ['Bolt_(comicsCharacter) | creator | Ernie_Colón', 'Bolt_(comicsCharacter) | creator | Dan_Mishkin']",,,,,
,,,Lexicalisation: The character Bolt was created by Ernie Colon and Dan Mishkin.,,,,,
5,5,a,Translation:  Postavu Bolta vytvořili Ernie Colon a Dan Mishkin.,,,,,
,,,Lexicalisation: Ernie Colón and Dan Mishkin are among the creators of the comic character Bolt.,,,,,
5,5,a,Translation:  Ernie Colón a Dan Mishkin patří mezi tvůrce komické postavy Bolta.,,,,,
,,,Lexicalisation: The comic book character Bolt was created by both Dan Mishkin and Ernie Colon.,,,,,
5,5,a,Translation:  Komiksovou postavu Bolta vytvořili Dan Mishkin i Ernie Colon.,,,,,
,,,RDF triples:  ['United_States | leader | Barack_Obama'],,,,,
,,,Lexicalisation: Barack Obama is a leader of the United States.,,,,,
5,5,a,Translation:  Barack Obama je vůdcem Spojených států.,,,,,
,,,Lexicalisation: Barack Obama is the leader of the United States.,,,,,
5,5,a,Translation:  Barack Obama je vůdcem Spojených států.,,,,,
,,,Lexicalisation: Barack Obama is the leader of United States.,,,,,
5,5,a,Translation:  Barack Obama je vůdcem Spojených států.,,,,,
,,,"RDF triples:  ['AIDS_(journal) | academicDiscipline | HIV', 'AIDS_(journal) | issnNumber | ""1473-5571""']",,,,,
,,,Lexicalisation: AIDS journal has the ISSN number 1473-5571 and comes under the academic discipline HIV.,,,,,
5,5,a,Translation:  Časopis AIDS má číslo ISSN 1473-5571 a spadá pod akademickou disciplínu HIV.,,,,,
,,,"Lexicalisation: With an ISSN number of 1473-5571, AIDS journal comes under the academic discipline HIV.",,,,,
5,5,a,Translation:  Časopis AIDS s číslem ISSN 1473-5571 spadá pod akademickou disciplínu HIV.,,,,,
,,,Lexicalisation: The academic discipline of AIDS journal (which has the ISSN number 1473-5571) is HIV.,,,,,
5,5,a,Translation:  Akademická disciplína časopisu AIDS (která má ISSN číslo 1473-5571) je HIV.,,,,,
,,,"RDF triples:  ['GMA_New_Media | location | Quezon_City', 'Quezon_City | areaTotal | 165.33']",,,,,
,,,"Lexicalisation: GMA New Media is located in Quezon City, which has a total area of 165.33.",,,,,
5,5,a,"Translation:  GMA New Media se nachází v Quezon City, které má celkovou rozlohu 165,33.",,,,,
,,,Lexicalisation: Quezon City has a total area of 165.33. GMA New Media headquarters are located in Quezon City.,,,,,
5,5,a,"Translation:  Quezon City má celkovou rozlohu 165,33. Centrála GMA New Media se nachází v Quezon City.",,,,,
,,,"Lexicalisation: GMA New Media is located in the city of Quezon, which has a total area of 165.33.",,,,,
5,5,a,"Translation:  GMA New Media se nachází ve městě Quezon, které má celkovou rozlohu 165,33.",,,,,
,,,"RDF triples:  ['Abdul_Taib_Mahmud | party | ""Barisan Ra\'ayat Jati Sarawak""']",,,,,
,,,"Lexicalisation: Abdul Taib Mahmud is a member of the ""Barisan Ra'ayat Jati Sarawak"" party.",,,,,
5,5,a,Translation:  Abdul Taib Mahmud je členem strany „Barisan Ra'ayat Jati Sarawak“.,,,,,
,,,Lexicalisation: Abdul Taib Mahmud is a member of Barisan Ra'ayat Jati Sarawak party.,,,,,
5,3,c,Translation:  Abdul Taib Mahmud je členem skupiny Barisan Ra'ayat Jati Sarawak.,,,,,
,,,"RDF triples:  ['Abradab | genre | Hip_hop_music', 'Hip_hop_music | stylisticOrigin | Funk', 'Abradab | background | ""solo_singer""', 'Hip_hop_music | derivative | Drum_and_bass', 'Hip_hop_music | stylisticOrigin | Disco']",,,,,
,,,"Lexicalisation: Abradab performs hip hop music and has a background as a solo singer. Hip Hop music has origins in Funk and Disco, and Drum and bass derives its sounds from hip hop music.",,,,,
5,3,c,Translation:  Abradab hraje hip hop a má zkušenosti jako sólový zpěvák. Hip hopová hudba má původ ve funk a disco a Drum and bass odvozuje své zvuky z hip hopové hudby.,,,,,
,,,Lexicalisation: Abradab is a hip hop musician with a background as a solo singer. Hip hop originates from funk and disco and was derived into drum and bass music.,,,,,
5,3,c,Translation:  Abradab je hip-hopový hudebník se zkušenostmi jako sólový zpěvák. Hip hop pochází z funku a disca a byl odvozen do drum and bass music.,,,,,
,,,Lexicalisation: Abradab is a Hip hop singer. Hip hop gives itself to Drum and Bass with its own origins in Funk and disco.,,,,,
5,3,c,Translation:  Abradab je hip-hopový zpěvák. Hip hop se dává Drum and Bass s vlastním původem ve funku a disco.,,,,,
,,,"RDF triples:  ['Trane | foundationPlace | La_Crosse,_Wisconsin']",,,,,
,,,"Lexicalisation: The foundation place of Trane is La Crosse, Wisconsin.",,,,,
5,4,c,"Translation:  Místo založení Trane je La Crosse, Wisconsin.",,,,,
,,,"Lexicalisation: Trane was founded in La Crosse, Wisconsin.",,,,,
5,5,a,Translation:  Společnost Trane byla založena v La Crosse ve Wisconsinu.,,,,,
,,,"RDF triples:  ['Austin,_Texas | populationDensity | 1296.65 (inhabitants per square kilometre)', 'Austin,_Texas | areaTotal | 703.95 (square kilometres)']",,,,,
,,,"Lexicalisation: The population density of Austin, Texas, is 1296.65 inhabitants per sq km and its area is 703.95 sq. km.",,,,,
5,5,a,"Translation:  Hustota obyvatelstva Austinu v Texasu je 1296,65 obyvatel na km2 a jeho rozloha je 703,95 km2.",,,,,
,,,"Lexicalisation: Austin, Texas covers an area of 703.95 square kilometres and has 1296.65 inhabitants for each of those sq kilometres.",,,,,
5,4,c,"Translation:  Austin v Texasu se rozkládá na ploše 703,95 kilometrů čtverečních a má 1296,65 obyvatel na každý z těchto kilometrů čtverečních.",,,,,
,,,"Lexicalisation: Austin, Texas has a population density of 1296.65 inhabitants per sq km and a total area of 703.95 square kilometres.",,,,,
5,5,a,"Translation:  Austin, Texas má hustotu obyvatelstva 1296,65 obyvatel na km2 a celkovou plochu 703,95 km2.",,,,,
,,,"RDF triples:  ['Agremiação_Sportiva_Arapiraquense | league | Campeonato_Brasileiro_Série_C', 'Campeonato_Brasileiro_Série_C | country | Brazil', 'Agremiação_Sportiva_Arapiraquense | manager | Vica']",,,,,
,,,Lexicalisation: Agremiação Sportiva Arapiraquense are managed by Vica and play in the Campeonato Brasileiro Série C league in Brazil.,,,,,
5,4,c,Translation:  Agremiação Sportiva Arapiraquense je řízena Vica a hrají v Campeonato Brasileiro Série C ligy v Brazílii.,,,,,
,,,Lexicalisation: Agremiação Sportiva Arapiraquense play in Brazil's Campeonato Brasileiro Série C league and are managed by Vica.,,,,,
5,5,a,Translation:  Agremiação Sportiva Arapiraquense hrají v brazilské lize Campeonato Brasileiro Série C a řídí je Vica.,,,,,
,,,"RDF triples:  ['AIP_Advances | abbreviation | ""AIP Adv.""']",,,,,
,,,"Lexicalisation: ""AIP Adv."" is the abbreviation of AIP Advances.",,,,,
5,5,a,"Translation:  ""AIP Adv."" je zkratka AIP Advances.",,,,,
,,,Lexicalisation: AIP Advances is abbreviated to AIP Adv.,,,,,
4,5,c,Translation:  AIP Advances je zkráceno na AIP Adv.,,,,,
,,,"RDF triples:  ['American_Civil_War | commander | Jefferson_Davis', 'Battle_of_Salem_Church | isPartOfMilitaryConflict | American_Civil_War', 'Aaron_S._Daggett | battle | Battle_of_Salem_Church']",,,,,
,,,"Lexicalisation: Aaron S Daggett took part in the Battle of Salem Church, which was part of the American Civil War, where Jefferson Davis was a commander.",,,,,
5,5,a,"Translation:  Aaron S Daggett se zúčastnil bitvy u kostela Salem, která byla součástí americké občanské války, kde byl velitelem Jefferson Davis.",,,,,
,,,"Lexicalisation: Aaron S. Daggett fought in the Battle of Salem Church, in the American Civil War. Jefferson Davis was one of the commanders in the war.",,,,,
5,4,c,Translation:  Aaron S. Daggett bojoval v bitvě u Salem Church v americké občanské válce. Jefferson Davis byl jedním z velitelů ve válce.,,,,,
,,,Lexicalisation: Jefferson Davis was a commander in the American Civil War of which the Battle of Salem Church was part and in which Aaron S Daggett fought.,,,,,
5,5,a,"Translation:  Jefferson Davis byl velitelem v americké občanské válce, jejíž součástí byla bitva u Salem Church a ve které bojoval Aaron S Daggett.",,,,,
,,,"RDF triples:  ['United_States | leader | Barack_Obama', 'A_Severed_Wasp | language | English_language', 'English_language | spokenIn | Great_Britain', 'A_Severed_Wasp | country | United_States']",,,,,
,,,"Lexicalisation: A Severed Wasp is from the United States, where the leader is Barack Obama. A Severed Wasp is written in English which is the language spoken in Great Britain.",,,,,
,,,"Translation:  A Severed Wasp pochází ze Spojených států, kde je vůdcem Barack Obama. A Severed Wasp je napsán v angličtině, což je jazyk, kterým se mluví ve Velké Británii.",,,,,
,,,"Lexicalisation: A Severed Wasp is from the United States, which president is Barack Obama, and it is in English language, which is spoken as well in Great Britain.",,,,,
,,,"Translation:  A Severed Wasp pochází ze Spojených států, jejichž prezidentem je Barack Obama, a je v angličtině, kterou se mluví i ve Velké Británii.",,,,,
,,,Lexicalisation: The president of the United States is Barack Obama and is the origin of A Severed Wasp. A Severed Wasp is written in English (also spoken in Great Britain).,,,,,
,,,Translation:  Prezident Spojených států je Barack Obama a je původcem A Severed Wasp. A Severed Wasp je napsán v angličtině (také používaný ve Velké Británii).,,,,,
,,,RDF triples:  ['Marv_Wolfman | award | Inkpot_Award'],,,,,
,,,Lexicalisation: Marv Wolfman won the Inkpot Award.,,,,,
,,,Translation:  Marv Wolfman vyhrál Inkpot Award.,,,,,
,,,Lexicalisation: Marv Wolfman was awarded the Inkpot Award.,,,,,
,,,Translation:  Marv Wolfman byl oceněn Inkpot Award.,,,,,
,,,"RDF triples:  ['1000_Piazzia | epoch | 2015-06-27', '1000_Piazzia | formerName | ""1923 NZ1951 OB""']",,,,,
,,,Lexicalisation: The epoch of 1000 Piazzia-formerly known as 1923 NZ1951OB -is 2015-06-27.,,,,,
,,,Translation:  Epocha 1000 Piazzia – dříve známá jako 1923 NZ1951OB – je 27.06.2015.,,,,,
,,,"Lexicalisation: 1000 Piazzia was formerly called ""1923 NZ1951 OB"" and has the epoch date of 27 June 2015.",,,,,
,,,Translation:  1000 Piazzia se dříve nazývala „1923 NZ1951 OB“ a má datum epochy 27. června 2015.,,,,,
,,,"Lexicalisation: 1000 Piazzia, formerly known as 1923NZ1951 OB, has an epoch of 2015-06-27.",,,,,
,,,"Translation:  1000 Piazzia, dříve známá jako 1923NZ1951 OB, má epochu 2015-06-27.",,,,,
,,,"RDF triples:  ['Acharya_Institute_of_Technology | country | ""India""', 'Acharya_Institute_of_Technology | numberOfPostgraduateStudents | 700', 'Acharya_Institute_of_Technology | campus | ""In Soldevanahalli, Acharya Dr. Sarvapalli Radhakrishnan Road, Hessarghatta Main Road, Bangalore – 560090.""']",,,,,
,,,"Lexicalisation: The Acharya Institute of Technology is in Soldevanahalli, India its address is Acharya Dr. Sarvapalli Radhakrishnan Road, Hessarghatta Main Road, Bangalore – 560090. It has 700 postgraduate students.",,,,,
,,,"Translation:  Acharya Institute of Technology je v Soldevanahalli, Indie, jeho adresa je Acharya Dr. Sarvapalli Radhakrishnan Road, Hessarghatta Main Road, Bangalore – 560090. Má 700 postgraduálních studentů.",,,,,
,,,"Lexicalisation: The Acharya Institute of Technology has 700 post-graduate students and is located in Soldevanahalli, Acharya Dr. Sarvapalli Radhakrishnan Road, Hessarghatta Main Road, Bangalore, India, 560090.",,,,,
,,,"Translation:  Acharya Institute of Technology má 700 postgraduálních studentů a sídlí v Soldevanahalli, Acharya Dr. Sarvapalli Radhakrishnan Road, Hessarghatta Main Road, Bangalore, Indie, 560090.",,,,,
,,,RDF triples:  ['Appleton_International_Airport | 1stRunwayLengthFeet | 8002'],,,,,
,,,Lexicalisation: Appleton International Airport is 1st 8002 runway length.,,,,,
,,,Translation:  Mezinárodní letiště Appleton má 1. délku dráhy 8002.,,,,,
,,,Lexicalisation: The first runway of Appleton International Airport has a length of 8002 feet.,,,,,
,,,Translation:  První ranvej mezinárodního letiště Appleton má délku 8002 stop.,,,,,
,,,Lexicalisation: The 1st runway length in feet of Appleton International Airport is 8002.,,,,,
,,,Translation:  Délka 1. dráhy ve stopách mezinárodního letiště Appleton je 8002.,,,,,
,,,"RDF triples:  ['AC_Hotel_Bella_Sky_Copenhagen | tenant | Marriott_International', 'AC_Hotel_Bella_Sky_Copenhagen | location | Copenhagen', 'AC_Hotel_Bella_Sky_Copenhagen | architect | 3XN']",,,,,
,,,Lexicalisation: The tenant of the AC Hotel Bella Sky (designed by architect 3XN) in Copenhagen is the Marriott International Hotel.,,,,,
,,,Translation:  Nájemcem AC Hotelu Bella Sky (navrženého architektem 3XN) v Kodani je Marriott International Hotel.,,,,,
,,,Lexicalisation: Marriott International is the tenant of AC Hotel Bella Sky in Copenhagen and the architect was 3XN.,,,,,
,,,Translation:  Marriott International je nájemcem AC Hotel Bella Sky v Kodani a architektem byl 3XN.,,,,,
,,,Lexicalisation: The architect of the AC Hotel Bella Sky in Copenhagen was 3XN and the tenant of the hotel is the Marriott International Hotel.,,,,,
,,,Translation:  Architektem AC Hotelu Bella Sky v Kodani byla společnost 3XN a nájemcem hotelu je Marriott International Hotel.,,,,,
,,,"RDF triples:  ['Java | ethnicGroup | Javanese_people', 'Singapore | leader | Halimah_Yacob', 'Ayam_penyet | region | Singapore', 'Ayam_penyet | country | Java']",,,,,
,,,"Lexicalisation: The Javanese people are an ethnic group of Java. Singapore's leader is Halimah Yacob. Ayam penyet is a dish from Java, Singapore.",,,,,
,,,Translation:  Jávští lidé jsou etnickou skupinou Jávy. Singapurským lídrem je Halimah Yacob. Ayam penyet je pokrm z Jávy v Singapuru.,,,,,
,,,Lexicalisation: Ayam penyet is from the Java and Singapore regions. The Javanese people are an ethnic group of Java and Halimah Yacob is a leader of Singapore.,,,,,
,,,Translation:  Ayam penyet pochází z regionů Jáva a Singapur. Jávští lidé jsou etnickou skupinou Jávy a Halimah Yacob je vůdcem Singapuru.,,,,,
,,,"RDF triples:  ['Alan_Bean | mission | Apollo_12', 'Apollo_12 | operator | NASA', 'Alan_Bean | occupation | Test_pilot', 'Alan_Bean | birthPlace | Wheeler,_Texas', 'Alan_Bean | status | ""Retired""', 'Alan_Bean | birthDate | ""1932-03-15""', 'Alan_Bean | almaMater | ""UT Austin, B.S. 1955""']",,,,,
,,,"Lexicalisation: Alan Bean was born on March 15, 1932 in Wheeler Texas. He graduated from UT Austin with a BSc. in 1955. Bean worked as a test pilot and was part of Apollo 12, which was run by NASA. He is retired.",,,,,
,,,"Translation:  Alan Bean se narodil 15. března 1932 ve Wheeler Texas. Vystudoval UT Austin s titulem BSc. v roce 1955. Bean pracoval jako zkušební pilot a byl součástí Apolla 12, které řídila NASA. Je v důchodu.",,,,,
,,,"Lexicalisation: Alan Bean was born in Wheeler, Texas on March 15th, 1932. He graduated from UT Austin in 1955 with a B.S. He is a retired test pilot, who was on the crew of the NASA-operated Apollo 12.",,,,,
,,,"Translation:  Alan Bean se narodil ve Wheeleru v Texasu 15. března 1932. Vystudoval UT Austin v roce 1955 s titulem B.S. Je to bývalý testovací pilot, který byl v posádce Apolla 12 provozovaného NASA.",,,,,
,,,"Lexicalisation: Alan Bean was born on March 15, 1932 in Wheeler Texas. He graduated from UT Austin in 1955 with a B.S and became a Test Pilot. He was part of the Apollo 12 crew for NASA and is now retired.",,,,,
,,,Translation:  Alan Bean se narodil 15. března 1932 ve Wheeler Texas. Vystudoval UT Austin v roce 1955 s B.S a stal se zkušebním pilotem. Byl součástí posádky Apolla 12 pro NASA a nyní je v důchodu.,,,,,
,,,"RDF triples:  ['Abilene,_Texas | populationDensity | 429.9 (inhabitants per square kilometre)']",,,,,
,,,"Lexicalisation: The total population density of Abilene, Texas is 429.9 inhabitants per sq km.",,,,,
,,,"Translation:  Celková hustota obyvatelstva Abilene, Texas je 429,9 obyvatel na km čtvereční.",,,,,
,,,"Lexicalisation: Abilene, Texas has a population density of 429.9 inhabitants per square kilometre.",,,,,
,,,"Translation:  Abilene, Texas má hustotu obyvatelstva 429,9 obyvatel na kilometr čtvereční.",,,,,
,,,"Lexicalisation: Abilene, Texas, has a population density of 429.9 (inhabitants per square kilometre).",,,,,
,,,"Translation:  Abilene, Texas, má hustotu obyvatelstva 429,9 (obyvatel na kilometr čtvereční).",,,,,
,,,"RDF triples:  ['Al-Taqaddum_Air_Base | runwayLength | 4019.0', 'Al-Taqaddum_Air_Base | cityServed | Fallujah', 'Al-Taqaddum_Air_Base | elevationAboveTheSeaLevel | 84.0', 'Al-Taqaddum_Air_Base | location | Habbaniyah']",,,,,
,,,Lexicalisation: Al-Taqaddum Air Base serves the city of Fallujah and is located in Habbaniyah. The airbase is 84 metres above sea level and has a runway length of 4019.,,,,,
,,,Translation:  Letecká základna Al-Taqaddum slouží městu Fallúdža a nachází se v Habbaniyah. Letecká základna je 84 metrů nad mořem a má délku dráhy 4019.,,,,,
,,,Lexicalisation: The Al Taqaddum Air Base serves the city of Fallujah and is located in Habbaniyah. Its runway is 4019 long and is 84 meters above sea level.,,,,,
,,,Translation:  Letecká základna Al Taqaddum slouží městu Fallúdža a nachází se v Habbaniyah. Jeho dráha je dlouhá 4019 a je 84 metrů nad mořem.,,,,,
,,,"Lexicalisation: Al Taqaddum Air Base located in Habbaniyah, serves the city of Fallujah. It is 84.0 metres above sea level. Its runway is 4,019 long.",,,,,
,,,"Translation:  Letecká základna Al Taqaddum v Habbaniyah slouží městu Fallúdža. Je 84,0 metrů nad mořem. Jeho dráha je dlouhá 4 019.",,,,,
,,,RDF triples:  ['Armin_van_Buuren | genre | House_music'],,,,,
,,,Lexicalisation: Armin van Buuren plays House music.,,,,,
,,,Translation:  Armin van Buuren hraje house music.,,,,,
,,,Lexicalisation: Armin van Buuren's genre is House music.,,,,,
,,,Translation:  Žánrem Armina van Buurena je house music.,,,,,
,,,Lexicalisation: Armin van Buuren performs house music.,,,,,
,,,Translation:  Armin van Buuren hraje house music.,,,,,
,,,"RDF triples:  ['Ashgabat_International_Airport | operatingOrganisation | Turkmenistan_Airlines', 'Turkmenistan_Airlines | headquarter | Turkmenistan', 'Ashgabat_International_Airport | runwayLength | 900.0', 'Turkmenistan_Airlines | hubAirport | Turkmenabat_Airport', 'Turkmenistan_Airlines | headquarter | Ashgabat']",,,,,
,,,Lexicalisation: Turkmenistan airlines have their HQ in Turkmenistan and Ashgabat and their hub at Turkmenabat airport. They are the operating organisation for Ashgabat International Airport which has a runway length of 900.0.,,,,,
,,,"Translation:  Turkmenistánské aerolinie mají své ústředí v Turkmenistánu a Ašchabadu a svůj hub na letišti Turkmenabat. Jsou provozní organizací pro mezinárodní letiště Ašchabad, které má délku dráhy 900,0.",,,,,
,,,"Lexicalisation: The operating organization for Ashgabat International Airport is called Turkmenistan Airlines whose headquarters is in Ashgabat, Turkmenistan. Its runway length is 900 m. Turkmenabat airport is the hub for Turkmenistan airlines.",,,,,
,,,"Translation:  Provozní organizace pro mezinárodní letiště Ašchabad se nazývá Turkmenistan Airlines, jejíž sídlo je v Ašchabadu v Turkmenistánu. Délka jeho dráhy je 900 m. Letiště Turkmenabat je uzlem pro turkmenistánské letecké společnosti.",,,,,
,,,"Lexicalisation: The operating organization for Ashgabat International Airport is called Turkmenistan Airlines; the Turkmenabat Airport is the hub for the Airline. The headquarters of Turkmenistan Airlines are in Ashgabat, Turkmenistan. The Airport has a runway length of 900.0.",,,,,
,,,"Translation:  Provozní organizace pro mezinárodní letiště Ašchabad se nazývá Turkmenistan Airlines; letiště Turkmenabat je centrem letecké společnosti. Centrála Turkmenistan Airlines je v Ašchabadu v Turkmenistánu. Letiště má délku dráhy 900,0.",,,,,
,,,"RDF triples:  ['Appleton,_Wisconsin | isPartOf | Kimberly,_Wisconsin']",,,,,
,,,"Lexicalisation: Appleton, Wisconsin is part of Kimberly, Wisconsin.",,,,,
,,,"Translation:  Appleton, Wisconsin je součástí Kimberly, Wisconsin.",,,,,
,,,"RDF triples:  ['107_Camilla | discoverer | N._R._Pogson', 'N._R._Pogson | deathPlace | Chennai', 'N._R._Pogson | birthPlace | Nottingham', '107_Camilla | discovered | 2001-03-01', 'N._R._Pogson | nationality | England']",,,,,
,,,Lexicalisation: The British NR Pogson (born Nottingham died Chennai) discovered 107 Camilla on 1 March 2001.,,,,,
,,,Translation:  Britský NR Pogson (narozen Nottingham zemřel Chennai) objevil 107 Camilla dne 1. března 2001.,,,,,
,,,"Lexicalisation: NR Pogson, who died in Chennai, was an Englishman born in Nottingham. He discovered 107 Camilla on 1 March 2001.",,,,,
,,,"Translation:  NR Pogson, který zemřel v Chennai, byl Angličan narozený v Nottinghamu. 1. března 2001 objevil 107 Camilly.",,,,,
,,,"Lexicalisation: The British N.R. Pogson, the discoverer of the asteroid 107 Camilla, was born in Nottingham and died in Chennai. He made the discovery of the asteroid on March 1st, 2001.",,,,,
,,,"Translation:  Britský N.R. Pogson, objevitel asteroidu 107 Camilla, se narodil v Nottinghamu a zemřel v Chennai. Asteroid objevil 1. března 2001.",,,,,